ID,Unnamed: 0,MagpieData avg_dev GSvolume_pa,MatscholarElementData mean embedding 54,MatscholarElementData std_dev embedding 116,MatscholarElementData std_dev embedding 155,MatscholarElementData mean embedding 4,PymatgenData mean mendeleev_no,MatscholarElementData std_dev embedding 136,MatscholarElementData std_dev embedding 153,MatscholarElementData mean embedding 140,MatscholarElementData mean embedding 170,H1N4H1,H1N3H1,H1N3C3,N3C3N3,N3C3H1,H1C3C3,C3C3N3,C3N3C3,H1C4H1,H1C4C4,C4C4C4,C4C4N4,H1C4N4,C4N4H1,N4N3H1,H1N4N3,C4N4C4,H1N4O2,N4O2H1,C3C4H1,C4C3N3,Ymean
0,0,3.0929999999999995,0.0093135013245046,0.0355454656986483,0.0728085017029395,0.0625413072605927,100.26666666666668,0.0180079463988397,0.0618715940038523,-0.0031922335581233,-0.0572083984812099,0.2727272727272727,0.0,0.0,0.0,0.0,0.0,0.0,0.0,0.3636363636363637,0.4545454545454546,0.0,0.0909090909090909,0.1818181818181818,0.2727272727272727,0.0,0.0,0.0,0.0,0.0,0.0,0.0,5.828244444444445
2,2,3.5467777777777774,0.0098608279290298,0.0520988339313138,0.0746306797064803,0.0620549606780211,100.13333333333334,0.0190913502300179,0.0620935031605981,-0.0013090468477457,-0.0589989319443702,0.2727272727272727,0.0,0.0,0.0,0.0,0.0,0.0,0.0,0.3636363636363637,0.4545454545454546,0.0,0.0909090909090909,0.1818181818181818,0.2727272727272727,0.0,0.0,0.0,0.0,0.0,0.0,0.0,5.332775000000002
3,3,7.037000000000001,0.0201505810488015,0.0681632463308915,0.0617824380386292,0.0565024671455224,99.66666666666669,0.0172164062853447,0.0657334980419209,0.0147633067021767,-0.0703962182005246,0.2727272727272727,0.0,0.0,0.0,0.0,0.0,0.0,0.0,0.3636363636363637,0.4545454545454546,0.0,0.0909090909090909,0.1818181818181818,0.2727272727272727,0.0,0.0,0.0,0.0,0.0,0.0,0.0,4.15051
4,4,7.950777777777777,0.0256536543834954,0.0809254555777915,0.064639259295433,0.0515706939001878,99.6,0.0174071234935152,0.0662780469984541,0.0131416867176691,-0.068558831512928,0.2727272727272727,0.0,0.0,0.0,0.0,0.0,0.0,0.0,0.3636363636363637,0.4545454545454546,0.0,0.0909090909090909,0.1818181818181818,0.2727272727272727,0.0,0.0,0.0,0.0,0.0,0.0,0.0,3.7704
5,5,7.490777777777778,0.0206979076533267,0.076075057407263,0.0647021171763383,0.0560161205629507,99.53333333333332,0.0195783915936374,0.0659168114753018,0.0166464934125542,-0.0721867516636848,0.2727272727272727,0.0,0.0,0.0,0.0,0.0,0.0,0.0,0.3636363636363637,0.4545454545454546,0.0,0.0909090909090909,0.1818181818181818,0.2727272727272727,0.0,0.0,0.0,0.0,0.0,0.0,0.0,4.17995
6,6,8.365666666666668,0.0250561813823878,0.0699035452007788,0.0666327786198637,0.0466746074457963,99.46666666666668,0.0131230204774151,0.0832420846837054,-0.0033790136066575,-0.0653422591586907,0.2727272727272727,0.0,0.0,0.0,0.0,0.0,0.0,0.0,0.3636363636363637,0.4545454545454546,0.0,0.0909090909090909,0.1818181818181818,0.2727272727272727,0.0,0.0,0.0,0.0,0.0,0.0,0.0,3.5335636363636365
7,7,9.279444444444444,0.0305592547170817,0.0822698783783457,0.0695888701675937,0.0417428342004617,99.4,0.0133354209781106,0.0834868919359882,-0.0050006335911651,-0.0635048724710941,0.2727272727272727,0.0,0.0,0.0,0.0,0.0,0.0,0.0,0.3636363636363637,0.4545454545454546,0.0,0.0909090909090909,0.1818181818181818,0.2727272727272727,0.0,0.0,0.0,0.0,0.0,0.0,0.0,3.1716250000000006
8,8,8.819444444444445,0.0256035079869131,0.0775337233734419,0.0690021125945388,0.0461882608632246,99.33333333333331,0.0158351062092257,0.0833095511168199,-0.0014958268962799,-0.0671327926218509,0.2727272727272727,0.0,0.0,0.0,0.0,0.0,0.0,0.0,0.3636363636363637,0.4545454545454546,0.0,0.0909090909090909,0.1818181818181818,0.2727272727272727,0.0,0.0,0.0,0.0,0.0,0.0,0.0,3.5527500000000005
9,9,12.059333333333337,0.0271839207969605,0.081177548072683,0.0800760741765991,0.0501340461273988,99.26666666666668,0.0095189333346784,0.1088857398871206,-0.0132528336097796,-0.057777098317941,0.2727272727272727,0.0,0.0,0.0,0.0,0.0,0.0,0.0,0.3636363636363637,0.4545454545454546,0.0,0.0909090909090909,0.1818181818181818,0.2727272727272727,0.0,0.0,0.0,0.0,0.0,0.0,0.0,2.8891500000000003
10,10,13.06448888888889,0.0326869941316545,0.0913060704411707,0.0831190710912787,0.0452022728820641,99.2,0.0097261983571794,0.1088933178574205,-0.0148744535942872,-0.0559397116303443,0.2727272727272727,0.0,0.0,0.0,0.0,0.0,0.0,0.0,0.3636363636363637,0.4545454545454546,0.0,0.0909090909090909,0.1818181818181818,0.2727272727272727,0.0,0.0,0.0,0.0,0.0,0.0,0.0,2.5906583333333333
11,11,12.558488888888888,0.0277312474014858,0.0872355708269211,0.0813948559659548,0.0496476995448271,99.13333333333334,0.012460504190152,0.1088626839235771,-0.0113696468994021,-0.0595676317811012,0.2727272727272727,0.0,0.0,0.0,0.0,0.0,0.0,0.0,0.3636363636363637,0.4545454545454546,0.0,0.0909090909090909,0.1818181818181818,0.2727272727272727,0.0,0.0,0.0,0.0,0.0,0.0,0.0,2.896390909090909
12,12,2.804328703703704,0.0101688400609418,0.034306107103891,0.0724908286109099,0.0597257004636857,100.27777777777776,0.0176646994594071,0.0604000984294141,-0.0024936557359372,-0.0590389317108525,0.2142857142857142,0.0,0.0,0.0,0.0,0.0,0.0,0.0,0.3571428571428571,0.6428571428571427,0.0714285714285714,0.0714285714285714,0.1428571428571428,0.2142857142857142,0.0,0.0,0.0,0.0,0.0,0.0,0.0,5.8033125000000005
13,13,3.6292669753086426,0.0147547345065201,0.0570576678774068,0.0749365323760945,0.0556158894259068,100.22222222222224,0.0176993544124577,0.0610461060402358,-0.0038450057230268,-0.0575077761378553,0.2142857142857142,0.0,0.0,0.0,0.0,0.0,0.0,0.0,0.3571428571428571,0.6428571428571427,0.0714285714285714,0.0714285714285714,0.1428571428571428,0.2142857142857142,0.0,0.0,0.0,0.0,0.0,0.0,0.0,5.057799999999999
15,15,6.3648842592592585,0.0191997398311893,0.0651267390248346,0.0627612088020903,0.0546933337011271,99.77777777777776,0.0172769613535657,0.0639984739977759,0.0124692944809794,-0.070028781476948,0.2142857142857142,0.0,0.0,0.0,0.0,0.0,0.0,0.0,0.3571428571428571,0.6428571428571427,0.0714285714285714,0.0714285714285714,0.1428571428571428,0.2142857142857142,0.0,0.0,0.0,0.0,0.0,0.0,0.0,4.271841666666667
16,16,7.189822530864196,0.0237856342767675,0.0776844552920075,0.0650933441941431,0.0505835226633482,99.72222222222224,0.0174254602219782,0.0645634523054285,0.0111179444938898,-0.0684976259039508,0.2142857142857142,0.0,0.0,0.0,0.0,0.0,0.0,0.0,0.3571428571428571,0.6428571428571427,0.0714285714285714,0.0714285714285714,0.1428571428571428,0.2142857142857142,0.0,0.0,0.0,0.0,0.0,0.0,0.0,3.954278571428572
17,17,6.7745447530864205,0.0196558453349603,0.0730880274128736,0.0654065872526063,0.0542880448823173,99.66666666666669,0.0192103869471913,0.0641949806484354,0.0140386167396273,-0.0715208926962481,0.2142857142857142,0.0,0.0,0.0,0.0,0.0,0.0,0.0,0.3571428571428571,0.6428571428571427,0.0714285714285714,0.0714285714285714,0.1428571428571428,0.2142857142857142,0.0,0.0,0.0,0.0,0.0,0.0,0.0,4.268818181818181
18,18,7.564375,0.0232877401091779,0.0667716593514297,0.0670121760518343,0.046503450618022,99.61111111111111,0.0136142979308739,0.0803437972769694,-0.0026493057763824,-0.0658171489420864,0.2142857142857142,0.0,0.0,0.0,0.0,0.0,0.0,0.0,0.3571428571428571,0.6428571428571427,0.0714285714285714,0.0714285714285714,0.1428571428571428,0.2142857142857142,0.0,0.0,0.0,0.0,0.0,0.0,0.0,3.605007692307692
19,19,8.389313271604939,0.0278736345547561,0.0789740321158677,0.0694155658606445,0.0423936395802431,99.55555555555556,0.0137767372431164,0.0806568278750763,-0.0040006557634721,-0.0642859933690892,0.2142857142857142,0.0,0.0,0.0,0.0,0.0,0.0,0.0,0.3571428571428571,0.6428571428571427,0.0714285714285714,0.0714285714285714,0.1428571428571428,0.2142857142857142,0.0,0.0,0.0,0.0,0.0,0.0,0.0,3.3174153846153844
21,21,10.822800925925923,0.0250608562879885,0.0774286829020971,0.0790092797567749,0.049386316186024,99.44444444444444,0.010438371786482,0.1043807582026335,-0.0108774891123175,-0.0595128482414616,0.2142857142857142,0.0,0.0,0.0,0.0,0.0,0.0,0.0,0.3571428571428571,0.6428571428571427,0.0714285714285714,0.0714285714285714,0.1428571428571428,0.2142857142857142,0.0,0.0,0.0,0.0,0.0,0.0,0.0,2.8908083333333328
22,22,11.647739197530866,0.0296467507335667,0.08761936528235,0.0814712932716867,0.0452765051482452,99.38888888888889,0.0105944203497864,0.1044878468365667,-0.0122288390994071,-0.0579816926684644,0.2142857142857142,0.0,0.0,0.0,0.0,0.0,0.0,0.0,0.3571428571428571,0.6428571428571427,0.0714285714285714,0.0714285714285714,0.1428571428571428,0.2142857142857142,0.0,0.0,0.0,0.0,0.0,0.0,0.0,2.6303461538461543
23,23,11.232461419753086,0.0255169617917595,0.0837198693769623,0.0804339573653099,0.0489810273672143,99.33333333333331,0.0127897535497145,0.1044014782841727,-0.0093081668536696,-0.0610049594607618,0.2142857142857142,0.0,0.0,0.0,0.0,0.0,0.0,0.0,0.3571428571428571,0.6428571428571427,0.0714285714285714,0.0714285714285714,0.1428571428571428,0.2142857142857142,0.0,0.0,0.0,0.0,0.0,0.0,0.0,2.9061
24,24,2.5425850340136056,0.0107797963012542,0.0331182179056769,0.0723612960356593,0.0577145527516092,100.28571428571428,0.0174279966630362,0.0592450014234058,-0.0019946715772329,-0.0603464554463114,0.1764705882352941,0.0,0.0,0.0,0.0,0.0,0.0,0.0,0.3529411764705882,0.7647058823529412,0.1176470588235294,0.0588235294117647,0.1176470588235294,0.1764705882352941,0.0,0.0,0.0,0.0,0.0,0.0,0.0,5.9416
25,25,3.2885260770975058,0.0147105629688927,0.0547128677033513,0.0744215960618278,0.0541918575763702,100.23809523809524,0.0174637893388019,0.0598769980195737,-0.0031529715661669,-0.0590340363837423,0.1764705882352941,0.0,0.0,0.0,0.0,0.0,0.0,0.0,0.3529411764705882,0.7647058823529412,0.1176470588235294,0.0588235294117647,0.1176470588235294,0.1764705882352941,0.0,0.0,0.0,0.0,0.0,0.0,0.0,5.2602
26,26,2.9130158730158726,0.011170743875915,0.0480617678067936,0.0741241767382914,0.0573671623354866,100.1904761904762,0.018386987607638,0.0594711017104823,-0.0006495382126775,-0.0616254079199972,0.1764705882352941,0.0,0.0,0.0,0.0,0.0,0.0,0.0,0.3529411764705882,0.7647058823529412,0.1176470588235294,0.0588235294117647,0.1176470588235294,0.1764705882352941,0.0,0.0,0.0,0.0,0.0,0.0,0.0,5.81545
27,27,5.762176870748299,0.0185205675328948,0.062438388343196,0.0636401827855751,0.053401095526559,99.85714285714286,0.0172724887741885,0.0626092387427646,0.0108307143229813,-0.0697663266743932,0.1764705882352941,0.0,0.0,0.0,0.0,0.0,0.0,0.0,0.3529411764705882,0.7647058823529412,0.1176470588235294,0.0588235294117647,0.1176470588235294,0.1764705882352941,0.0,0.0,0.0,0.0,0.0,0.0,0.0,4.4424
28,28,6.5081179138322,0.0224513342005333,0.0746972853315309,0.0656151728650535,0.04987840035132,99.8095238095238,0.0173941184770967,0.0631728088938101,0.0096724143340474,-0.0684539076118242,0.1764705882352941,0.0,0.0,0.0,0.0,0.0,0.0,0.0,0.3529411764705882,0.7647058823529412,0.1176470588235294,0.0588235294117647,0.1176470588235294,0.1764705882352941,0.0,0.0,0.0,0.0,0.0,0.0,0.0,3.957566666666666
29,29,6.132607709750565,0.0189115151075557,0.0703153197554697,0.0660509357924854,0.0530537051104363,99.76190476190476,0.0189194596638705,0.0628087026744686,0.0121758476875367,-0.0710452791480791,0.1764705882352941,0.0,0.0,0.0,0.0,0.0,0.0,0.0,0.3529411764705882,0.7647058823529412,0.1176470588235294,0.0588235294117647,0.1176470588235294,0.1764705882352941,0.0,0.0,0.0,0.0,0.0,0.0,0.0,4.163375
30,30,6.846802721088437,0.0220245677711708,0.0640037400730747,0.0674306429966048,0.0463811957410403,99.71428571428572,0.0139470571618098,0.0779401754404943,-0.0021280858976145,-0.0661563559302261,0.1764705882352941,0.0,0.0,0.0,0.0,0.0,0.0,0.0,0.3529411764705882,0.7647058823529412,0.1176470588235294,0.0588235294117647,0.1176470588235294,0.1764705882352941,0.0,0.0,0.0,0.0,0.0,0.0,0.0,3.7516
31,31,7.592743764172336,0.0259553344388093,0.0759363117575889,0.0694594912901735,0.0428585005658013,99.66666666666669,0.0140785320631776,0.0782863780332508,-0.0032863858865485,-0.0648439368676571,0.1764705882352941,0.0,0.0,0.0,0.0,0.0,0.0,0.0,0.3529411764705882,0.7647058823529412,0.1176470588235294,0.0588235294117647,0.1176470588235294,0.1764705882352941,0.0,0.0,0.0,0.0,0.0,0.0,0.0,3.4059666666666666
32,32,7.217233560090701,0.0224155153458317,0.0716477721436913,0.0695242920589297,0.0460338053249177,99.61904761904762,0.0157987495938205,0.07805583624944,-0.0007829525330591,-0.067435308403912,0.1764705882352941,0.0,0.0,0.0,0.0,0.0,0.0,0.0,0.3529411764705882,0.7647058823529412,0.1176470588235294,0.0588235294117647,0.1176470588235294,0.1764705882352941,0.0,0.0,0.0,0.0,0.0,0.0,0.0,3.446625
33,33,9.793197278911563,0.0235443816387227,0.0741460436349452,0.0782791931900085,0.0488522233707564,99.57142857142856,0.0111001691299942,0.1005990969990294,-0.0091808144712731,-0.0607526696154049,0.1764705882352941,0.0,0.0,0.0,0.0,0.0,0.0,0.0,0.3529411764705882,0.7647058823529412,0.1176470588235294,0.0588235294117647,0.1176470588235294,0.1764705882352941,0.0,0.0,0.0,0.0,0.0,0.0,0.0,2.932975
34,34,10.539138321995464,0.0274751483063612,0.0842293070185469,0.0803501527505621,0.0453295281955174,99.5238095238095,0.0112257070452184,0.1007625209472911,-0.0103391144602071,-0.0594402505528359,0.1764705882352941,0.0,0.0,0.0,0.0,0.0,0.0,0.0,0.3529411764705882,0.7647058823529412,0.1176470588235294,0.0588235294117647,0.1176470588235294,0.1764705882352941,0.0,0.0,0.0,0.0,0.0,0.0,0.0,2.7686
35,35,10.16362811791383,0.0239353292133836,0.0804856060339252,0.0797229004297775,0.0485048329546338,99.4761904761905,0.0130685430603116,0.1006450699022542,-0.0078356811067178,-0.0620316220890908,0.1764705882352941,0.0,0.0,0.0,0.0,0.0,0.0,0.0,0.3529411764705882,0.7647058823529412,0.1176470588235294,0.0588235294117647,0.1176470588235294,0.1764705882352941,0.0,0.0,0.0,0.0,0.0,0.0,0.0,2.942825
36,36,2.804328703703704,0.0101688400609418,0.034306107103891,0.0724908286109099,0.0597257004636857,100.27777777777776,0.0176646994594071,0.0604000984294141,-0.0024936557359372,-0.0590389317108525,0.2142857142857142,0.0,0.0,0.0,0.0,0.0,0.0,0.0,0.4285714285714284,0.5714285714285713,0.0714285714285714,0.1428571428571428,0.0714285714285714,0.2142857142857142,0.0,0.0,0.0,0.0,0.0,0.0,0.0,6.236177777777778
37,37,3.6292669753086426,0.0147547345065201,0.0570576678774068,0.0749365323760945,0.0556158894259068,100.22222222222224,0.0176993544124577,0.0610461060402358,-0.0038450057230268,-0.0575077761378553,0.2142857142857142,0.0,0.0,0.0,0.0,0.0,0.0,0.0,0.4285714285714284,0.5714285714285713,0.0714285714285714,0.1428571428571428,0.0714285714285714,0.2142857142857142,0.0,0.0,0.0,0.0,0.0,0.0,0.0,5.323177777777778
38,38,3.2139891975308634,0.0106249455647129,0.0499886879917469,0.0743098261940274,0.059320411644876,100.16666666666669,0.0186856553387114,0.0606282006422387,-0.0009243334772893,-0.0605310429301526,0.2142857142857142,0.0,0.0,0.0,0.0,0.0,0.0,0.0,0.4285714285714284,0.5714285714285713,0.0714285714285714,0.1428571428571428,0.0714285714285714,0.2142857142857142,0.0,0.0,0.0,0.0,0.0,0.0,0.0,5.816949999999999
39,39,6.3648842592592585,0.0191997398311893,0.0651267390248346,0.0627612088020903,0.0546933337011271,99.77777777777776,0.0172769613535657,0.0639984739977759,0.0124692944809794,-0.070028781476948,0.2142857142857142,0.0,0.0,0.0,0.0,0.0,0.0,0.0,0.4285714285714284,0.5714285714285713,0.0714285714285714,0.1428571428571428,0.0714285714285714,0.2142857142857142,0.0,0.0,0.0,0.0,0.0,0.0,0.0,4.567857142857143
40,40,7.189822530864196,0.0237856342767675,0.0776844552920075,0.0650933441941431,0.0505835226633482,99.72222222222224,0.0174254602219782,0.0645634523054285,0.0111179444938898,-0.0684976259039508,0.2142857142857142,0.0,0.0,0.0,0.0,0.0,0.0,0.0,0.4285714285714284,0.5714285714285713,0.0714285714285714,0.1428571428571428,0.0714285714285714,0.2142857142857142,0.0,0.0,0.0,0.0,0.0,0.0,0.0,4.002775
41,41,6.7745447530864205,0.0196558453349603,0.0730880274128736,0.0654065872526063,0.0542880448823173,99.66666666666669,0.0192103869471913,0.0641949806484354,0.0140386167396273,-0.0715208926962481,0.2142857142857142,0.0,0.0,0.0,0.0,0.0,0.0,0.0,0.4285714285714284,0.5714285714285713,0.0714285714285714,0.1428571428571428,0.0714285714285714,0.2142857142857142,0.0,0.0,0.0,0.0,0.0,0.0,0.0,4.30764
42,42,7.564375,0.0232877401091779,0.0667716593514297,0.0670121760518343,0.046503450618022,99.61111111111111,0.0136142979308739,0.0803437972769694,-0.0026493057763824,-0.0658171489420864,0.2142857142857142,0.0,0.0,0.0,0.0,0.0,0.0,0.0,0.4285714285714284,0.5714285714285713,0.0714285714285714,0.1428571428571428,0.0714285714285714,0.2142857142857142,0.0,0.0,0.0,0.0,0.0,0.0,0.0,3.739233333333333
43,43,8.389313271604939,0.0278736345547561,0.0789740321158677,0.0694155658606445,0.0423936395802431,99.55555555555556,0.0137767372431164,0.0806568278750763,-0.0040006557634721,-0.0642859933690892,0.2142857142857142,0.0,0.0,0.0,0.0,0.0,0.0,0.0,0.4285714285714284,0.5714285714285713,0.0714285714285714,0.1428571428571428,0.0714285714285714,0.2142857142857142,0.0,0.0,0.0,0.0,0.0,0.0,0.0,3.4045181818181818
44,44,7.97403549382716,0.0237438456129489,0.0744796500429101,0.0692486913202562,0.0460981617992123,99.5,0.0158083225928987,0.0804430648935771,-0.0010799835177345,-0.0673092601613866,0.2142857142857142,0.0,0.0,0.0,0.0,0.0,0.0,0.0,0.4285714285714284,0.5714285714285713,0.0714285714285714,0.1428571428571428,0.0714285714285714,0.2142857142857142,0.0,0.0,0.0,0.0,0.0,0.0,0.0,3.69005
45,45,10.822800925925923,0.0250608562879885,0.0774286829020971,0.0790092797567749,0.049386316186024,99.44444444444444,0.010438371786482,0.1043807582026335,-0.0108774891123175,-0.0595128482414616,0.2142857142857142,0.0,0.0,0.0,0.0,0.0,0.0,0.0,0.4285714285714284,0.5714285714285713,0.0714285714285714,0.1428571428571428,0.0714285714285714,0.2142857142857142,0.0,0.0,0.0,0.0,0.0,0.0,0.0,3.01895
46,46,11.647739197530866,0.0296467507335667,0.08761936528235,0.0814712932716867,0.0452765051482452,99.38888888888889,0.0105944203497864,0.1044878468365667,-0.0122288390994071,-0.0579816926684644,0.2142857142857142,0.0,0.0,0.0,0.0,0.0,0.0,0.0,0.4285714285714284,0.5714285714285713,0.0714285714285714,0.1428571428571428,0.0714285714285714,0.2142857142857142,0.0,0.0,0.0,0.0,0.0,0.0,0.0,2.6883
47,47,11.232461419753086,0.0255169617917595,0.0837198693769623,0.0804339573653099,0.0489810273672143,99.33333333333331,0.0127897535497145,0.1044014782841727,-0.0093081668536696,-0.0610049594607618,0.2142857142857142,0.0,0.0,0.0,0.0,0.0,0.0,0.0,0.4285714285714284,0.5714285714285713,0.0714285714285714,0.1428571428571428,0.0714285714285714,0.2142857142857142,0.0,0.0,0.0,0.0,0.0,0.0,0.0,3.04646
48,48,3.0929999999999995,0.0093135013245046,0.0355454656986483,0.0728085017029395,0.0625413072605927,100.26666666666668,0.0180079463988397,0.0618715940038523,-0.0031922335581233,-0.0572083984812099,0.0909090909090909,0.0,0.0,0.0,0.0,0.0,0.0,0.0,0.5454545454545455,0.0,0.0,0.0,0.5454545454545455,0.3636363636363637,0.0,0.0,0.0909090909090909,0.0,0.0,0.0,0.0,5.7499
49,49,4.006777777777777,0.0148165746591985,0.0597059474899538,0.0758249069605846,0.0576095340152581,100.2,0.0180388850640504,0.0625149070954816,-0.0048138535426308,-0.0553710117936134,0.0909090909090909,0.0,0.0,0.0,0.0,0.0,0.0,0.0,0.5454545454545455,0.0,0.0,0.0,0.5454545454545455,0.3636363636363637,0.0,0.0,0.0909090909090909,0.0,0.0,0.0,0.0,4.9963555555555565
50,50,3.5467777777777774,0.0098608279290298,0.0520988339313138,0.0746306797064803,0.0620549606780211,100.13333333333334,0.0190913502300179,0.0620935031605981,-0.0013090468477457,-0.0589989319443702,0.0909090909090909,0.0,0.0,0.0,0.0,0.0,0.0,0.0,0.5454545454545455,0.0,0.0,0.0,0.5454545454545455,0.3636363636363637,0.0,0.0,0.0909090909090909,0.0,0.0,0.0,0.0,5.525919999999999
51,51,7.037000000000001,0.0201505810488015,0.0681632463308915,0.0617824380386292,0.0565024671455224,99.66666666666669,0.0172164062853447,0.0657334980419209,0.0147633067021767,-0.0703962182005246,0.0909090909090909,0.0,0.0,0.0,0.0,0.0,0.0,0.0,0.5454545454545455,0.0,0.0,0.0,0.5454545454545455,0.3636363636363637,0.0,0.0,0.0909090909090909,0.0,0.0,0.0,0.0,4.1776
53,53,7.490777777777778,0.0206979076533267,0.076075057407263,0.0647021171763383,0.0560161205629507,99.53333333333332,0.0195783915936374,0.0659168114753018,0.0166464934125542,-0.0721867516636848,0.0909090909090909,0.0,0.0,0.0,0.0,0.0,0.0,0.0,0.5454545454545455,0.0,0.0,0.0,0.5454545454545455,0.3636363636363637,0.0,0.0,0.0909090909090909,0.0,0.0,0.0,0.0,3.937871428571429
54,54,8.365666666666668,0.0250561813823878,0.0699035452007788,0.0666327786198637,0.0466746074457963,99.46666666666668,0.0131230204774151,0.0832420846837054,-0.0033790136066575,-0.0653422591586907,0.0909090909090909,0.0,0.0,0.0,0.0,0.0,0.0,0.0,0.5454545454545455,0.0,0.0,0.0,0.5454545454545455,0.3636363636363637,0.0,0.0,0.0909090909090909,0.0,0.0,0.0,0.0,3.528466666666666
55,55,9.279444444444444,0.0305592547170817,0.0822698783783457,0.0695888701675937,0.0417428342004617,99.4,0.0133354209781106,0.0834868919359882,-0.0050006335911651,-0.0635048724710941,0.0909090909090909,0.0,0.0,0.0,0.0,0.0,0.0,0.0,0.5454545454545455,0.0,0.0,0.0,0.5454545454545455,0.3636363636363637,0.0,0.0,0.0909090909090909,0.0,0.0,0.0,0.0,2.9143428571428567
56,56,8.819444444444445,0.0256035079869131,0.0775337233734419,0.0690021125945388,0.0461882608632246,99.33333333333331,0.0158351062092257,0.0833095511168199,-0.0014958268962799,-0.0671327926218509,0.0909090909090909,0.0,0.0,0.0,0.0,0.0,0.0,0.0,0.5454545454545455,0.0,0.0,0.0,0.5454545454545455,0.3636363636363637,0.0,0.0,0.0909090909090909,0.0,0.0,0.0,0.0,3.389657142857143
57,57,12.059333333333337,0.0271839207969605,0.081177548072683,0.0800760741765991,0.0501340461273988,99.26666666666668,0.0095189333346784,0.1088857398871206,-0.0132528336097796,-0.057777098317941,0.0909090909090909,0.0,0.0,0.0,0.0,0.0,0.0,0.0,0.5454545454545455,0.0,0.0,0.0,0.5454545454545455,0.3636363636363637,0.0,0.0,0.0909090909090909,0.0,0.0,0.0,0.0,2.8463
58,58,13.06448888888889,0.0326869941316545,0.0913060704411707,0.0831190710912787,0.0452022728820641,99.2,0.0097261983571794,0.1088933178574205,-0.0148744535942872,-0.0559397116303443,0.0909090909090909,0.0,0.0,0.0,0.0,0.0,0.0,0.0,0.5454545454545455,0.0,0.0,0.0,0.5454545454545455,0.3636363636363637,0.0,0.0,0.0909090909090909,0.0,0.0,0.0,0.0,2.4662875
59,59,12.558488888888888,0.0277312474014858,0.0872355708269211,0.0813948559659548,0.0496476995448271,99.13333333333334,0.012460504190152,0.1088626839235771,-0.0113696468994021,-0.0595676317811012,0.0909090909090909,0.0,0.0,0.0,0.0,0.0,0.0,0.0,0.5454545454545455,0.0,0.0,0.0,0.5454545454545455,0.3636363636363637,0.0,0.0,0.0909090909090909,0.0,0.0,0.0,0.0,2.8072285714285714
60,60,3.462,0.0122747885994613,0.0339019734368655,0.0712775982100349,0.0615004276235898,100.06666666666666,0.0170111457889468,0.0651787059699578,-0.010421847195054,-0.0541737988591194,0.0,0.1818181818181818,0.3636363636363637,0.0909090909090909,0.0,0.0,0.0,0.0,0.2727272727272727,0.0,0.0,0.0,0.0,0.0,0.0,0.0,0.0,0.0,0.0,0.2727272727272727,0.1818181818181818,5.360366666666667
61,61,4.388866666666667,0.0177778619341552,0.056804826319815,0.0747425564431487,0.0565686543782552,100.0,0.0170361650899201,0.065521727921052,-0.0120434671795616,-0.0523364121715227,0.0,0.1818181818181818,0.3636363636363637,0.0909090909090909,0.0,0.0,0.0,0.0,0.2727272727272727,0.0,0.0,0.0,0.0,0.0,0.0,0.0,0.0,0.0,0.0,0.2727272727272727,0.1818181818181818,4.5245000000000015
62,62,3.8704000000000014,0.0128221152039865,0.0495159852664008,0.0722698600949877,0.0610140810410181,99.93333333333334,0.0180277234778902,0.0652809383266469,-0.0085386604846765,-0.0559643323222796,0.0,0.1818181818181818,0.3636363636363637,0.0909090909090909,0.0,0.0,0.0,0.0,0.2727272727272727,0.0,0.0,0.0,0.0,0.0,0.0,0.0,0.0,0.0,0.0,0.2727272727272727,0.1818181818181818,5.38732
63,63,7.011599999999999,0.0231118683237582,0.0648430771099559,0.0623389109211177,0.0554615875085194,99.46666666666668,0.0166707520491077,0.0680670001178888,0.0075336930652459,-0.067361618578434,0.0,0.1818181818181818,0.3636363636363637,0.0909090909090909,0.0,0.0,0.0,0.0,0.2727272727272727,0.0,0.0,0.0,0.0,0.0,0.0,0.0,0.0,0.0,0.0,0.2727272727272727,0.1818181818181818,4.35698
64,64,7.834,0.0286149416584521,0.0769007487801369,0.0656623178813304,0.0505298142631848,99.4,0.0168474645286751,0.0683405778583041,0.0059120730807383,-0.0655242318908373,0.0,0.1818181818181818,0.3636363636363637,0.0909090909090909,0.0,0.0,0.0,0.0,0.2727272727272727,0.0,0.0,0.0,0.0,0.0,0.0,0.0,0.0,0.0,0.0,0.2727272727272727,0.1818181818181818,3.71015
65,65,7.419999999999999,0.0236591949282834,0.0722565366852962,0.0641994337239816,0.0549752409259478,99.33333333333331,0.0188865286572038,0.0681420161559372,0.0094168797756234,-0.0691521520415941,0.0,0.1818181818181818,0.3636363636363637,0.0909090909090909,0.0,0.0,0.0,0.0,0.2727272727272727,0.0,0.0,0.0,0.0,0.0,0.0,0.0,0.0,0.0,0.0,0.2727272727272727,0.1818181818181818,4.087566666666667
66,66,8.207400000000002,0.0280174686573445,0.0665053293243192,0.0661620540982392,0.0456337278087933,99.26666666666668,0.0126725187084735,0.0823040577196611,-0.0106086272435883,-0.0623076595366001,0.0,0.1818181818181818,0.3636363636363637,0.0909090909090909,0.0,0.0,0.0,0.0,0.2727272727272727,0.0,0.0,0.0,0.0,0.0,0.0,0.0,0.0,0.0,0.0,0.2727272727272727,0.1818181818181818,3.5660833333333333
67,67,9.0298,0.0335205419920384,0.0781842103789725,0.0695786150473254,0.0407019545634587,99.2,0.0128688382664395,0.08235633233827,-0.0122302472280959,-0.0604702728490034,0.0,0.1818181818181818,0.3636363636363637,0.0909090909090909,0.0,0.0,0.0,0.0,0.2727272727272727,0.0,0.0,0.0,0.0,0.0,0.0,0.0,0.0,0.0,0.0,0.2727272727272727,0.1818181818181818,3.149657142857144
68,68,8.6158,0.0285647952618698,0.0736502484975402,0.0675910879270844,0.0451473812262217,99.13333333333334,0.0152198458646026,0.0822937339228356,-0.0087254405332108,-0.0640981929997603,0.0,0.1818181818181818,0.3636363636363637,0.0909090909090909,0.0,0.0,0.0,0.0,0.2727272727272727,0.0,0.0,0.0,0.0,0.0,0.0,0.0,0.0,0.0,0.0,0.2727272727272727,0.1818181818181818,3.4321
69,69,11.769422222222223,0.0301452080719172,0.0772853293550329,0.0775193197014833,0.0490931664903958,99.06666666666666,0.0089965312802614,0.1048189842945483,-0.0204824472467104,-0.0547424986958503,0.0,0.1818181818181818,0.3636363636363637,0.0909090909090909,0.0,0.0,0.0,0.0,0.2727272727272727,0.0,0.0,0.0,0.0,0.0,0.0,0.0,0.0,0.0,0.0,0.2727272727272727,0.1818181818181818,2.817816666666667
70,70,12.774577777777774,0.0356482814066112,0.0868231001280454,0.0809925724534308,0.0441613932450612,99.0,0.0091893834700359,0.1046873226886613,-0.022104067231218,-0.0529051120082537,0.0,0.1818181818181818,0.3636363636363637,0.0909090909090909,0.0,0.0,0.0,0.0,0.2727272727272727,0.0,0.0,0.0,0.0,0.0,0.0,0.0,0.0,0.0,0.0,0.2727272727272727,0.1818181818181818,2.46685
72,72,3.3558854166666663,0.0080304932198487,0.0366964484496713,0.0735713500707634,0.0667647174559533,100.25,0.018561926554375,0.0638778122961985,-0.0042401002914023,-0.0544625986367464,0.375,0.0,0.0,0.0,0.0,0.0,0.0,0.0,0.375,0.0,0.0,0.0,0.375,0.375,0.0,0.0,0.0,0.0,0.0,0.0,0.0,5.1638
73,73,4.606006944444443,0.0149093348882161,0.062684186582759,0.0775257528303205,0.060600000899285,100.16666666666669,0.0185831385030584,0.0644751905814059,-0.0062671252720368,-0.0521658652772506,0.375,0.0,0.0,0.0,0.0,0.0,0.0,0.0,0.375,0.0,0.0,0.0,0.375,0.375,0.0,0.0,0.0,0.0,0.0,0.0,0.0,4.6142666666666665
75,75,7.669635416666665,0.0215768428752198,0.0715792010442375,0.0607888207667496,0.0592161673121154,99.5,0.0169861378130368,0.0680300255390872,0.0182043250339726,-0.0709473732858896,0.375,0.0,0.0,0.0,0.0,0.0,0.0,0.0,0.375,0.0,0.0,0.0,0.375,0.375,0.0,0.0,0.0,0.0,0.0,0.0,0.0,3.9343
76,76,8.669079861111111,0.0284556845435872,0.0842616588151232,0.0644996263001082,0.0530514507554471,99.41666666666669,0.0172529193116107,0.0685010304070022,0.0161773000533382,-0.0686506399263938,0.375,0.0,0.0,0.0,0.0,0.0,0.0,0.0,0.375,0.0,0.0,0.0,0.375,0.375,0.0,0.0,0.0,0.0,0.0,0.0,0.0,3.2537666666666665
77,77,8.16595486111111,0.0222610011308764,0.0790974645161988,0.0640161288469727,0.0586082340839008,99.33333333333331,0.0200740392035361,0.0681759425852428,0.0205583084219445,-0.0731855401148398,0.375,0.0,0.0,0.0,0.0,0.0,0.0,0.0,0.375,0.0,0.0,0.0,0.375,0.375,0.0,0.0,0.0,0.0,0.0,0.0,0.0,3.96586
78,78,9.122864583333332,0.0277088432922028,0.0734396420200284,0.0664644500351354,0.0469313426874578,99.25,0.0122968664095326,0.0868807463559772,-0.0044735753520702,-0.0646299244835972,0.375,0.0,0.0,0.0,0.0,0.0,0.0,0.0,0.375,0.0,0.0,0.0,0.375,0.375,0.0,0.0,0.0,0.0,0.0,0.0,0.0,3.14595
79,79,10.186180555555554,0.0345876849605701,0.08566259592209,0.0703248773807783,0.0407666261307895,99.16666666666669,0.0126036306454186,0.0869788373802468,-0.0065006003327046,-0.0623331911241014,0.375,0.0,0.0,0.0,0.0,0.0,0.0,0.0,0.375,0.0,0.0,0.0,0.375,0.375,0.0,0.0,0.0,0.0,0.0,0.0,0.0,2.746366666666667
80,80,9.61918402777778,0.0283930015478593,0.0806321879704324,0.0689014779098248,0.0463234094592432,99.08333333333331,0.0159034243919505,0.0868822492920313,-0.0021195919640983,-0.0668680913125475,0.375,0.0,0.0,0.0,0.0,0.0,0.0,0.0,0.375,0.0,0.0,0.0,0.375,0.375,0.0,0.0,0.0,0.0,0.0,0.0,0.0,3.35658
81,81,13.555625,0.0303685175604186,0.0854905329717488,0.0818156660586324,0.0512556410394609,99.0,0.008082681715237,0.1144494124630573,-0.0168158503559728,-0.0551734734326601,0.375,0.0,0.0,0.0,0.0,0.0,0.0,0.0,0.375,0.0,0.0,0.0,0.375,0.375,0.0,0.0,0.0,0.0,0.0,0.0,0.0,2.611166666666666
82,82,14.697847222222224,0.037247359228786,0.0951224848881508,0.0858178483761256,0.0450909244827926,98.91666666666669,0.0083957091619351,0.1142635414619776,-0.0188428753366072,-0.0528767400731643,0.375,0.0,0.0,0.0,0.0,0.0,0.0,0.0,0.375,0.0,0.0,0.0,0.375,0.375,0.0,0.0,0.0,0.0,0.0,0.0,0.0,2.2431500000000004
83,83,14.122847222222228,0.0310526758160752,0.0908709802446665,0.0828179078672913,0.0506477078112463,98.83333333333331,0.012079827297272,0.1143424895330068,-0.0144618669680009,-0.0574116402616103,0.375,0.0,0.0,0.0,0.0,0.0,0.0,0.0,0.375,0.0,0.0,0.0,0.375,0.375,0.0,0.0,0.0,0.0,0.0,0.0,0.0,2.847683333333334
84,84,3.8296173469387753,0.0160718670148136,0.0329193941468521,0.0720321699446431,0.0626195585355162,100.21428571428572,0.0168004111737434,0.0702395268973041,-0.0165346294275618,-0.051662013466869,0.0,0.3,0.6,0.3,0.0,0.0,0.0,0.0,0.0,0.0,0.0,0.0,0.0,0.0,0.0,0.0,0.0,0.0,0.0,0.0,0.0,5.728999999999999
85,85,4.87859693877551,0.0219680170162713,0.0561170716466319,0.0760700058665937,0.0573355157726577,100.14285714285714,0.0168311416039403,0.0703639578824879,-0.0182720794109627,-0.0496933848730155,0.0,0.3,0.6,0.3,0.0,0.0,0.0,0.0,0.0,0.0,0.0,0.0,0.0,0.0,0.0,0.0,0.0,0.0,0.0,0.0,0.0,4.75395
86,86,4.350535714285714,0.0166582883768049,0.0485996764107239,0.072523381006886,0.0620984729113323,100.07142857142856,0.0179103465070645,0.0702518909964853,-0.0145169293807287,-0.0535804421773978,0.0,0.3,0.6,0.3,0.0,0.0,0.0,0.0,0.0,0.0,0.0,0.0,0.0,0.0,0.0,0.0,0.0,0.0,0.0,0.0,0.0,5.6119
88,88,7.553839285714285,0.0335791738637323,0.0759547023791435,0.0675312787835627,0.0508653299350823,99.5,0.0158296142128589,0.0726330617729399,0.0009659994393587,-0.0638231917151383,0.0,0.3,0.6,0.3,0.0,0.0,0.0,0.0,0.0,0.0,0.0,0.0,0.0,0.0,0.0,0.0,0.0,0.0,0.0,0.0,0.0,3.6781
89,89,7.184196428571428,0.0282694452242659,0.0712371422865627,0.0650332670855649,0.0556282870737569,99.42857142857144,0.0181951625391806,0.0725586945099307,0.0047211494695927,-0.0677102490195206,0.0,0.3,0.6,0.3,0.0,0.0,0.0,0.0,0.0,0.0,0.0,0.0,0.0,0.0,0.0,0.0,0.0,0.0,0.0,0.0,0.0,3.7652
90,90,7.887232142857143,0.0329390242196885,0.0658688299369123,0.0671850115339467,0.0456195230196629,99.35714285714286,0.0112787605133075,0.0850427727659306,-0.0167347509081342,-0.0603768641927412,0.0,0.3,0.6,0.3,0.0,0.0,0.0,0.0,0.0,0.0,0.0,0.0,0.0,0.0,0.0,0.0,0.0,0.0,0.0,0.0,0.0,3.2372
91,91,8.762295918367348,0.0388351742211463,0.0772442291526487,0.0711633788530362,0.0403354802568044,99.28571428571428,0.0115300281052531,0.0849051559050315,-0.0184722008915351,-0.0584082355988877,0.0,0.3,0.6,0.3,0.0,0.0,0.0,0.0,0.0,0.0,0.0,0.0,0.0,0.0,0.0,0.0,0.0,0.0,0.0,0.0,0.0,2.6208666666666662
93,93,11.856683673469384,0.0352187450210164,0.0768113222625261,0.0780634364751859,0.049326064464237,99.14285714285714,0.0072596314159983,0.1061926193563782,-0.0273138437686221,-0.0522713347205093,0.0,0.3,0.6,0.3,0.0,0.0,0.0,0.0,0.0,0.0,0.0,0.0,0.0,0.0,0.0,0.0,0.0,0.0,0.0,0.0,0.0,2.450466666666667
94,94,12.90566326530612,0.0411148950224742,0.0859496725293767,0.0821111720389206,0.0440420217013784,99.07142857142856,0.0075320990797239,0.1058897540702881,-0.0290512937520231,-0.0503027061266558,0.0,0.3,0.6,0.3,0.0,0.0,0.0,0.0,0.0,0.0,0.0,0.0,0.0,0.0,0.0,0.0,0.0,0.0,0.0,0.0,0.0,2.022366666666666
95,95,12.377602040816328,0.0358051663830078,0.0820317677818815,0.0781460432868696,0.048804978840053,99.0,0.0108045271454439,0.1060409635423259,-0.0252961437217891,-0.0541897634310381,0.0,0.3,0.6,0.3,0.0,0.0,0.0,0.0,0.0,0.0,0.0,0.0,0.0,0.0,0.0,0.0,0.0,0.0,0.0,0.0,0.0,2.5816666666666666
96,96,3.4563,0.0093804821372032,0.0433979919796651,0.0710370049641253,0.0669808410573749,100.3,0.0187728265594734,0.0623309776687547,0.0008083201711997,-0.058645299822092,0.4999999999999999,0.0,0.0,0.0,0.0,0.0,0.0,0.0,0.0,0.0,0.0,0.0,0.0,0.0,0.0,0.0,0.0,0.4999999999999999,0.1666666666666666,0.0,0.0,5.690971428571429
97,97,5.1011000000000015,0.017635092139244,0.0638682745724675,0.0757389479032203,0.0595831811893731,100.2,0.0187942139211196,0.0625927998609738,-0.0016241098055616,-0.055889219790697,0.4999999999999999,0.0,0.0,0.0,0.0,0.0,0.0,0.0,0.0,0.0,0.0,0.0,0.0,0.0,0.0,0.0,0.0,0.4999999999999999,0.1666666666666666,0.0,0.0,4.91224
98,98,4.273100000000001,0.010201472043991,0.056124803551024,0.0726255121245638,0.0662513211835175,100.1,0.019981951273248,0.0623802027267328,0.0036331002367659,-0.0613311000168323,0.4999999999999999,0.0,0.0,0.0,0.0,0.0,0.0,0.0,0.0,0.0,0.0,0.0,0.0,0.0,0.0,0.0,0.0,0.4999999999999999,0.1666666666666666,0.0,0.0,5.797371428571429
100,100,8.786599999999998,0.0338907117256894,0.0804338184980661,0.0607312245922133,0.0505249210167676,99.3,0.0152558073276679,0.0661878053229679,0.0253092005848884,-0.0756709493696689,0.4999999999999999,0.0,0.0,0.0,0.0,0.0,0.0,0.0,0.0,0.0,0.0,0.0,0.0,0.0,0.0,0.0,0.0,0.4999999999999999,0.1666666666666666,0.0,0.0,3.843066666666667
101,101,8.165600000000001,0.0264570916304364,0.0756366425751903,0.0600599025401759,0.057193061010912,99.2,0.0190366787113244,0.0660598425756064,0.0305664106272161,-0.0811128295958042,0.4999999999999999,0.0,0.0,0.0,0.0,0.0,0.0,0.0,0.0,0.0,0.0,0.0,0.0,0.0,0.0,0.0,0.0,0.4999999999999999,0.1666666666666666,0.0,0.0,4.399983333333333
104,104,9.9593,0.0338154921308159,0.0770078736163485,0.0655895078613115,0.0424512714613229,98.9,0.0147034953069435,0.0838322110370155,0.0033529301639646,-0.0735318910330534,0.4999999999999999,0.0,0.0,0.0,0.0,0.0,0.0,0.0,0.0,0.0,0.0,0.0,0.0,0.0,0.0,0.0,0.0,0.4999999999999999,0.1666666666666666,0.0,0.0,3.713471428571428
105,105,14.2193,0.0361861113458871,0.0840692411629433,0.0801544540426284,0.0483699493575841,98.8,0.0049362241952259,0.1112847259476354,-0.0142825799062848,-0.0594983495771884,0.4999999999999999,0.0,0.0,0.0,0.0,0.0,0.0,0.0,0.0,0.0,0.0,0.0,0.0,0.0,0.0,0.0,0.0,0.4999999999999999,0.1666666666666666,0.0,0.0,2.6492142857142857
107,107,14.8319,0.037007101252675,0.0863780615505896,0.0808700609916015,0.0476404294837266,98.6,0.0109920987186401,0.1110156149843999,-0.0114577998407185,-0.0621841497719287,0.4999999999999999,0.0,0.0,0.0,0.0,0.0,0.0,0.0,0.0,0.0,0.0,0.0,0.0,0.0,0.0,0.0,0.0,0.4999999999999999,0.1666666666666666,0.0,0.0,2.906385714285715
108,108,3.74125,0.0117321023135446,0.0344756438589983,0.0711872453026655,0.0654636179096996,100.0,0.017436170395524,0.066440309451835,-0.0132771173375658,-0.050669349109133,0.0,0.25,0.5,0.125,0.25,0.0,0.0,0.0,0.0,0.0,0.0,0.0,0.0,0.0,0.0,0.0,0.0,0.0,0.0,0.0,0.0,4.908849999999998
109,109,5.02625,0.0186109439819119,0.0591438814979155,0.0758842758461754,0.0592989013530314,99.91666666666669,0.0174492367437908,0.0666398435741645,-0.0153041423182003,-0.0483726157496372,0.0,0.25,0.5,0.125,0.25,0.0,0.0,0.0,0.0,0.0,0.0,0.0,0.0,0.0,0.0,0.0,0.0,0.0,0.0,0.0,0.0,4.25625
110,110,4.379375000000001,0.0124162605692011,0.0510978262496859,0.0716755627615351,0.0648556846814851,99.83333333333331,0.0184868418756351,0.0664758869456816,-0.0109231339495939,-0.0529075159380833,0.0,0.25,0.5,0.125,0.25,0.0,0.0,0.0,0.0,0.0,0.0,0.0,0.0,0.0,0.0,0.0,0.0,0.0,0.0,0.0,0.0,5.1254
111,111,7.276666666666666,0.0252784519689157,0.0675855514515,0.0612461445639474,0.0579150677658617,99.25,0.0165540302114327,0.0693740545929752,0.0091673079878091,-0.0671541237582763,0.0,0.25,0.5,0.125,0.25,0.0,0.0,0.0,0.0,0.0,0.0,0.0,0.0,0.0,0.0,0.0,0.0,0.0,0.0,0.0,0.0,3.846666666666666
112,112,8.133333333333333,0.0321572936372831,0.0794835578057693,0.0657229807630017,0.0517503512091934,99.16666666666669,0.0167986944722347,0.0694830655689556,0.0071402830071747,-0.0648573903987805,0.0,0.25,0.5,0.125,0.25,0.0,0.0,0.0,0.0,0.0,0.0,0.0,0.0,0.0,0.0,0.0,0.0,0.0,0.0,0.0,0.0,3.220966666666667
113,113,7.702083333333332,0.0259626102245723,0.0745356473101602,0.062945429684603,0.0573071345376471,99.08333333333331,0.0194257619524658,0.0693739813214016,0.011521291375781,-0.0693922905872265,0.0,0.25,0.5,0.125,0.25,0.0,0.0,0.0,0.0,0.0,0.0,0.0,0.0,0.0,0.0,0.0,0.0,0.0,0.0,0.0,0.0,3.714833333333333
114,114,8.590972222222222,0.0314104523858986,0.0693630981090577,0.0654961325245837,0.0456302431412041,99.0,0.011974544367303,0.0842556663993017,-0.0135105923982337,-0.0608366749559839,0.0,0.25,0.5,0.125,0.25,0.0,0.0,0.0,0.0,0.0,0.0,0.0,0.0,0.0,0.0,0.0,0.0,0.0,0.0,0.0,0.0,3.0698666666666665
115,115,9.733194444444443,0.038289294054266,0.0808193340520132,0.0701174037144032,0.0394655265845358,98.91666666666669,0.0122543554039053,0.0840864814844545,-0.0155376173788681,-0.0585399415964881,0.0,0.25,0.5,0.125,0.25,0.0,0.0,0.0,0.0,0.0,0.0,0.0,0.0,0.0,0.0,0.0,0.0,0.0,0.0,0.0,0.0,2.5060333333333333
117,117,13.102638888888889,0.0340701266541145,0.0808882640043001,0.0781108913729798,0.0499545414932072,98.75,0.007593235997675,0.1081967042736273,-0.0258528674021363,-0.0513802239050467,0.0,0.25,0.5,0.125,0.25,0.0,0.0,0.0,0.0,0.0,0.0,0.0,0.0,0.0,0.0,0.0,0.0,0.0,0.0,0.0,0.0,2.4766
118,118,14.244861111111112,0.0409489683224819,0.0898563619610821,0.0828243057754357,0.0437898249365389,98.66666666666669,0.0078833465377197,0.1078103085495407,-0.0278798923827707,-0.0490834905455509,0.0,0.25,0.5,0.125,0.25,0.0,0.0,0.0,0.0,0.0,0.0,0.0,0.0,0.0,0.0,0.0,0.0,0.0,0.0,0.0,0.0,2.1377666666666664
119,119,13.669861111111109,0.0347542849097711,0.0857956414243005,0.0780567597879675,0.0493466082649926,98.58333333333331,0.0113903191472326,0.1080073579990638,-0.0234988840141644,-0.053618390733997,0.0,0.25,0.5,0.125,0.25,0.0,0.0,0.0,0.0,0.0,0.0,0.0,0.0,0.0,0.0,0.0,0.0,0.0,0.0,0.0,0.0,2.7601666666666667
120,120,2.5425850340136056,0.0107797963012542,0.0331182179056769,0.0723612960356593,0.0577145527516092,100.28571428571428,0.0174279966630362,0.0592450014234058,-0.0019946715772329,-0.0603464554463114,0.0,0.0,0.0,0.0,0.0,0.0,0.0,0.0,0.7058823529411765,0.0,0.0,0.0,0.7058823529411765,0.0,0.0,0.0,0.3529411764705882,0.0,0.0,0.0,0.0,6.198600000000001
122,122,2.9130158730158726,0.011170743875915,0.0480617678067936,0.0741241767382914,0.0573671623354866,100.1904761904762,0.018386987607638,0.0594711017104823,-0.0006495382126775,-0.0616254079199972,0.0,0.0,0.0,0.0,0.0,0.0,0.0,0.0,0.7058823529411765,0.0,0.0,0.0,0.7058823529411765,0.0,0.0,0.0,0.3529411764705882,0.0,0.0,0.0,0.0,6.3242
123,123,5.762176870748299,0.0185205675328948,0.062438388343196,0.0636401827855751,0.053401095526559,99.85714285714286,0.0172724887741885,0.0626092387427646,0.0108307143229813,-0.0697663266743932,0.0,0.0,0.0,0.0,0.0,0.0,0.0,0.0,0.7058823529411765,0.0,0.0,0.0,0.7058823529411765,0.0,0.0,0.0,0.3529411764705882,0.0,0.0,0.0,0.0,4.547033333333332
124,124,6.5081179138322,0.0224513342005333,0.0746972853315309,0.0656151728650535,0.04987840035132,99.8095238095238,0.0173941184770967,0.0631728088938101,0.0096724143340474,-0.0684539076118242,0.0,0.0,0.0,0.0,0.0,0.0,0.0,0.0,0.7058823529411765,0.0,0.0,0.0,0.7058823529411765,0.0,0.0,0.0,0.3529411764705882,0.0,0.0,0.0,0.0,4.023733333333333
125,125,6.132607709750565,0.0189115151075557,0.0703153197554697,0.0660509357924854,0.0530537051104363,99.76190476190476,0.0189194596638705,0.0628087026744686,0.0121758476875367,-0.0710452791480791,0.0,0.0,0.0,0.0,0.0,0.0,0.0,0.0,0.7058823529411765,0.0,0.0,0.0,0.7058823529411765,0.0,0.0,0.0,0.3529411764705882,0.0,0.0,0.0,0.0,4.188300000000001
126,126,6.846802721088437,0.0220245677711708,0.0640037400730747,0.0674306429966048,0.0463811957410403,99.71428571428572,0.0139470571618098,0.0779401754404943,-0.0021280858976145,-0.0661563559302261,0.0,0.0,0.0,0.0,0.0,0.0,0.0,0.0,0.7058823529411765,0.0,0.0,0.0,0.7058823529411765,0.0,0.0,0.0,0.3529411764705882,0.0,0.0,0.0,0.0,3.7255
127,127,7.592743764172336,0.0259553344388093,0.0759363117575889,0.0694594912901735,0.0428585005658013,99.66666666666669,0.0140785320631776,0.0782863780332508,-0.0032863858865485,-0.0648439368676571,0.0,0.0,0.0,0.0,0.0,0.0,0.0,0.0,0.7058823529411765,0.0,0.0,0.0,0.7058823529411765,0.0,0.0,0.0,0.3529411764705882,0.0,0.0,0.0,0.0,3.2870666666666666
128,128,7.217233560090701,0.0224155153458317,0.0716477721436913,0.0695242920589297,0.0460338053249177,99.61904761904762,0.0157987495938205,0.07805583624944,-0.0007829525330591,-0.067435308403912,0.0,0.0,0.0,0.0,0.0,0.0,0.0,0.0,0.7058823529411765,0.0,0.0,0.0,0.7058823529411765,0.0,0.0,0.0,0.3529411764705882,0.0,0.0,0.0,0.0,3.4227333333333334
129,129,9.793197278911563,0.0235443816387227,0.0741460436349452,0.0782791931900085,0.0488522233707564,99.57142857142856,0.0111001691299942,0.1005990969990294,-0.0091808144712731,-0.0607526696154049,0.0,0.0,0.0,0.0,0.0,0.0,0.0,0.0,0.7058823529411765,0.0,0.0,0.0,0.7058823529411765,0.0,0.0,0.0,0.3529411764705882,0.0,0.0,0.0,0.0,2.9985
131,131,10.16362811791383,0.0239353292133836,0.0804856060339252,0.0797229004297775,0.0485048329546338,99.4761904761905,0.0130685430603116,0.1006450699022542,-0.0078356811067178,-0.0620316220890908,0.0,0.0,0.0,0.0,0.0,0.0,0.0,0.0,0.7058823529411765,0.0,0.0,0.0,0.7058823529411765,0.0,0.0,0.0,0.3529411764705882,0.0,0.0,0.0,0.0,2.7721333333333336
132,132,3.863595041322314,0.0124772934412414,0.034853531722135,0.0753180152622015,0.0686676376922564,100.45454545454544,0.0184425954165393,0.0715902012288726,-0.0114580279597165,-0.0512920353900302,0.4285714285714285,0.1428571428571428,0.0,0.0,0.0,0.0,0.0,0.0,0.0,0.0,0.0,0.0,0.0,0.0,0.2857142857142857,0.4285714285714285,0.0,0.0,0.0,0.0,0.0,5.5732
133,133,5.222933884297522,0.0199814843521876,0.0613340883855867,0.0801150693083104,0.0619424923577091,100.36363636363636,0.0184709217541092,0.071822055080556,-0.0136693279385905,-0.0487865080887621,0.4285714285714285,0.1428571428571428,0.0,0.0,0.0,0.0,0.0,0.0,0.0,0.0,0.0,0.0,0.0,0.0,0.2857142857142857,0.4285714285714285,0.0,0.0,0.0,0.0,0.0,4.802175
134,134,4.538636363636363,0.0132236479019576,0.0525830202626898,0.0762362043245052,0.0680044378069314,100.27272727272728,0.0196995921018028,0.0716359027307645,-0.008890046081929,-0.0537336719307032,0.4285714285714285,0.1428571428571428,0.0,0.0,0.0,0.0,0.0,0.0,0.0,0.0,0.0,0.0,0.0,0.0,0.2857142857142857,0.4285714285714285,0.0,0.0,0.0,0.0,0.0,5.5909
135,135,7.135950413223141,0.027255129428919,0.0702314306707544,0.0634443376208279,0.0604328557171604,99.63636363636364,0.0151994005635912,0.0747883292921212,0.0130267996679652,-0.0692754259163683,0.4285714285714285,0.1428571428571428,0.0,0.0,0.0,0.0,0.0,0.0,0.0,0.0,0.0,0.0,0.0,0.0,0.2857142857142857,0.4285714285714285,0.0,0.0,0.0,0.0,0.0,4.01388
136,136,8.2147520661157,0.0347593203398653,0.0822789136049955,0.0679381477653455,0.0537077103826132,99.54545454545456,0.0155511681187335,0.074913714909776,0.0108154996890913,-0.0667698986151001,0.4285714285714285,0.1428571428571428,0.0,0.0,0.0,0.0,0.0,0.0,0.0,0.0,0.0,0.0,0.0,0.0,0.2857142857142857,0.4285714285714285,0.0,0.0,0.0,0.0,0.0,3.6689909090909087
137,137,7.615991735537188,0.0280014838896353,0.0770154577173732,0.0659053624974523,0.0597696558318354,99.45454545454544,0.0190300372332629,0.0747919074378501,0.0155947815457528,-0.0717170624570413,0.4285714285714285,0.1428571428571428,0.0,0.0,0.0,0.0,0.0,0.0,0.0,0.0,0.0,0.0,0.0,0.0,0.2857142857142857,0.4285714285714285,0.0,0.0,0.0,0.0,0.0,4.295544444444444
138,138,8.75479338842975,0.033944584429264,0.0721254237855473,0.0686313993501368,0.0470312288538976,99.36363636363636,0.009860542660064,0.0907916424999951,-0.0117127280258996,-0.0623836635865948,0.4285714285714285,0.1428571428571428,0.0,0.0,0.0,0.0,0.0,0.0,0.0,0.0,0.0,0.0,0.0,0.0,0.2857142857142857,0.4285714285714285,0.0,0.0,0.0,0.0,0.0,3.2841454545454543
139,139,9.944214876033056,0.0414487753402103,0.0836796074728525,0.0733116759906133,0.0403060835193503,99.27272727272728,0.0103100055471952,0.0905901350312906,-0.0139240280047736,-0.0598781362853267,0.4285714285714285,0.1428571428571428,0.0,0.0,0.0,0.0,0.0,0.0,0.0,0.0,0.0,0.0,0.0,0.0,0.2857142857142857,0.4285714285714285,0.0,0.0,0.0,0.0,0.0,2.9539833333333334
140,140,9.345454545454542,0.0346909388899803,0.0785629400353406,0.0703083429980525,0.0463680289685726,99.1818181818182,0.0146097523824269,0.0906680499591817,-0.0091447461481121,-0.0648253001272678,0.4285714285714285,0.1428571428571428,0.0,0.0,0.0,0.0,0.0,0.0,0.0,0.0,0.0,0.0,0.0,0.0,0.2857142857142857,0.4285714285714285,0.0,0.0,0.0,0.0,0.0,3.5203875
141,141,13.452892561983472,0.0368460472673177,0.0843990967495127,0.0832383152126154,0.0517486452379009,99.0909090909091,0.0047913379066845,0.1163130224196325,-0.025177028030157,-0.0520675351673906,0.4285714285714285,0.1428571428571428,0.0,0.0,0.0,0.0,0.0,0.0,0.0,0.0,0.0,0.0,0.0,0.0,0.2857142857142857,0.4285714285714285,0.0,0.0,0.0,0.0,0.0,2.6617818181818182
142,142,14.642314049586776,0.044350238178264,0.0931845301191908,0.0880918328003615,0.0450234999033537,99.0,0.0053961983516104,0.1158552310771751,-0.027388328009031,-0.0495620078661225,0.4285714285714285,0.1428571428571428,0.0,0.0,0.0,0.0,0.0,0.0,0.0,0.0,0.0,0.0,0.0,0.0,0.2857142857142857,0.4285714285714285,0.0,0.0,0.0,0.0,0.0,2.3543818181818184
143,143,14.043553719008264,0.037592401728034,0.0889202443854858,0.0834779716946476,0.0510854453525759,98.9090909090909,0.0106982820149431,0.1160919749613909,-0.0226090461523695,-0.0545091717080636,0.4285714285714285,0.1428571428571428,0.0,0.0,0.0,0.0,0.0,0.0,0.0,0.0,0.0,0.0,0.0,0.0,0.2857142857142857,0.4285714285714285,0.0,0.0,0.0,0.0,0.0,2.865611111111111
144,144,3.7839814814814816,0.0058921463787555,0.0371469508902267,0.0756455845773047,0.0738037344482209,100.22222222222224,0.0196488408694773,0.0670364470480056,-0.0059865448468675,-0.0498862655626402,1.2,0.0,0.0,0.0,0.0,0.0,0.0,0.0,0.0,0.0,0.0,0.0,0.0,0.0,0.0,0.0,0.0,0.0,0.0,0.0,0.0,5.39175
145,145,5.560771604938271,0.015063935269912,0.0658837103038143,0.0814525624240289,0.0655841123726632,100.11111111111111,0.0196433998389794,0.0674548707465871,-0.0086892448210467,-0.0468239544166459,1.2,0.0,0.0,0.0,0.0,0.0,0.0,0.0,0.0,0.0,0.0,0.0,0.0,0.0,0.0,0.0,0.0,0.0,0.0,0.0,0.0,4.925366666666667
146,146,4.666327160493828,0.0068043573862976,0.0562087361910317,0.0767061198138121,0.0729931568106015,100.0,0.0207771138000132,0.067144834686528,-0.0028479003295716,-0.0528704880012406,1.2,0.0,0.0,0.0,0.0,0.0,0.0,0.0,0.0,0.0,0.0,0.0,0.0,0.0,0.0,0.0,0.0,0.0,0.0,0.0,0.0,5.80965
147,147,7.841296296296296,0.0239539459192504,0.0752536560277645,0.0602332022047793,0.0637390009231037,99.22222222222224,0.0161954122602164,0.0714766761319569,0.0239393555869658,-0.0718659650948312,1.2,0.0,0.0,0.0,0.0,0.0,0.0,0.0,0.0,0.0,0.0,0.0,0.0,0.0,0.0,0.0,0.0,0.0,0.0,0.0,0.0,3.72055
148,148,9.110432098765427,0.0331257348104069,0.0868684803489762,0.0656095294201957,0.055519378847546,99.11111111111111,0.0166407836890614,0.0717161148734007,0.0212366556127866,-0.0688036539488368,1.2,0.0,0.0,0.0,0.0,0.0,0.0,0.0,0.0,0.0,0.0,0.0,0.0,0.0,0.0,0.0,0.0,0.0,0.0,0.0,0.0,3.674
150,150,9.686666666666667,0.0321299464752276,0.0772836266965792,0.0671713432594409,0.0473592347568935,98.88888888888889,0.0104800994160323,0.091867109156011,-0.0062978449277579,-0.0634427000251081,1.2,0.0,0.0,0.0,0.0,0.0,0.0,0.0,0.0,0.0,0.0,0.0,0.0,0.0,0.0,0.0,0.0,0.0,0.0,0.0,0.0,3.479325
152,152,10.316913580246911,0.0330421574827697,0.0828934359938109,0.0693978349595981,0.0465486571192741,98.66666666666669,0.0160969932719961,0.0917066722570908,-0.003159200410462,-0.0664269224637084,1.2,0.0,0.0,0.0,0.0,0.0,0.0,0.0,0.0,0.0,0.0,0.0,0.0,0.0,0.0,0.0,0.0,0.0,0.0,0.0,0.0,3.7770666666666655
153,153,14.699629629629634,0.0356761788328488,0.0904286987673121,0.0852821715983484,0.0531249658928977,98.55555555555556,0.0050101849962952,0.121875208601669,-0.0227542115996281,-0.0508340986238585,1.2,0.0,0.0,0.0,0.0,0.0,0.0,0.0,0.0,0.0,0.0,0.0,0.0,0.0,0.0,0.0,0.0,0.0,0.0,0.0,0.0,2.9148333333333336
154,154,15.968765432098769,0.0448479677240053,0.0981805025393017,0.0911910361416109,0.0449053438173399,98.44444444444444,0.0057146768284623,0.1212351182149849,-0.0254569115738074,-0.0477717874778641,1.2,0.0,0.0,0.0,0.0,0.0,0.0,0.0,0.0,0.0,0.0,0.0,0.0,0.0,0.0,0.0,0.0,0.0,0.0,0.0,0.0,2.92575
155,155,15.329876543209878,0.0365883898403909,0.0937697965596343,0.0853462647678321,0.0523143882552782,98.33333333333331,0.0116981858030339,0.1215736823165815,-0.0196155670823322,-0.0538183210624588,1.2,0.0,0.0,0.0,0.0,0.0,0.0,0.0,0.0,0.0,0.0,0.0,0.0,0.0,0.0,0.0,0.0,0.0,0.0,0.0,0.0,3.1459666666666664
156,156,2.804328703703704,0.0101688400609418,0.034306107103891,0.0724908286109099,0.0597257004636857,100.27777777777776,0.0176646994594071,0.0604000984294141,-0.0024936557359372,-0.0590389317108525,0.0,0.0,0.0,0.0,0.0,0.0,0.0,0.0,0.6428571428571427,0.0,0.0,0.0,0.6428571428571427,0.2142857142857142,0.0,0.0,0.2142857142857142,0.0,0.0,0.0,0.0,6.1186428571428575
157,157,3.6292669753086426,0.0147547345065201,0.0570576678774068,0.0749365323760945,0.0556158894259068,100.22222222222224,0.0176993544124577,0.0610461060402358,-0.0038450057230268,-0.0575077761378553,0.0,0.0,0.0,0.0,0.0,0.0,0.0,0.0,0.6428571428571427,0.0,0.0,0.0,0.6428571428571427,0.2142857142857142,0.0,0.0,0.2142857142857142,0.0,0.0,0.0,0.0,5.217185714285714
158,158,3.2139891975308634,0.0106249455647129,0.0499886879917469,0.0743098261940274,0.059320411644876,100.16666666666669,0.0186856553387114,0.0606282006422387,-0.0009243334772893,-0.0605310429301526,0.0,0.0,0.0,0.0,0.0,0.0,0.0,0.0,0.6428571428571427,0.0,0.0,0.0,0.6428571428571427,0.2142857142857142,0.0,0.0,0.2142857142857142,0.0,0.0,0.0,0.0,5.779233333333334
159,159,6.3648842592592585,0.0191997398311893,0.0651267390248346,0.0627612088020903,0.0546933337011271,99.77777777777776,0.0172769613535657,0.0639984739977759,0.0124692944809794,-0.070028781476948,0.0,0.0,0.0,0.0,0.0,0.0,0.0,0.0,0.6428571428571427,0.0,0.0,0.0,0.6428571428571427,0.2142857142857142,0.0,0.0,0.2142857142857142,0.0,0.0,0.0,0.0,4.45515
160,160,7.189822530864196,0.0237856342767675,0.0776844552920075,0.0650933441941431,0.0505835226633482,99.72222222222224,0.0174254602219782,0.0645634523054285,0.0111179444938898,-0.0684976259039508,0.0,0.0,0.0,0.0,0.0,0.0,0.0,0.0,0.6428571428571427,0.0,0.0,0.0,0.6428571428571427,0.2142857142857142,0.0,0.0,0.2142857142857142,0.0,0.0,0.0,0.0,3.90713
161,161,6.7745447530864205,0.0196558453349603,0.0730880274128736,0.0654065872526063,0.0542880448823173,99.66666666666669,0.0192103869471913,0.0641949806484354,0.0140386167396273,-0.0715208926962481,0.0,0.0,0.0,0.0,0.0,0.0,0.0,0.0,0.6428571428571427,0.0,0.0,0.0,0.6428571428571427,0.2142857142857142,0.0,0.0,0.2142857142857142,0.0,0.0,0.0,0.0,4.0684818181818185
162,162,7.564375,0.0232877401091779,0.0667716593514297,0.0670121760518343,0.046503450618022,99.61111111111111,0.0136142979308739,0.0803437972769694,-0.0026493057763824,-0.0658171489420864,0.0,0.0,0.0,0.0,0.0,0.0,0.0,0.0,0.6428571428571427,0.0,0.0,0.0,0.6428571428571427,0.2142857142857142,0.0,0.0,0.2142857142857142,0.0,0.0,0.0,0.0,3.793155555555556
163,163,8.389313271604939,0.0278736345547561,0.0789740321158677,0.0694155658606445,0.0423936395802431,99.55555555555556,0.0137767372431164,0.0806568278750763,-0.0040006557634721,-0.0642859933690892,0.0,0.0,0.0,0.0,0.0,0.0,0.0,0.0,0.6428571428571427,0.0,0.0,0.0,0.6428571428571427,0.2142857142857142,0.0,0.0,0.2142857142857142,0.0,0.0,0.0,0.0,3.2100727272727267
164,164,7.97403549382716,0.0237438456129489,0.0744796500429101,0.0692486913202562,0.0460981617992123,99.5,0.0158083225928987,0.0804430648935771,-0.0010799835177345,-0.0673092601613866,0.0,0.0,0.0,0.0,0.0,0.0,0.0,0.0,0.6428571428571427,0.0,0.0,0.0,0.6428571428571427,0.2142857142857142,0.0,0.0,0.2142857142857142,0.0,0.0,0.0,0.0,3.3713777777777785
165,165,10.822800925925923,0.0250608562879885,0.0774286829020971,0.0790092797567749,0.049386316186024,99.44444444444444,0.010438371786482,0.1043807582026335,-0.0108774891123175,-0.0595128482414616,0.0,0.0,0.0,0.0,0.0,0.0,0.0,0.0,0.6428571428571427,0.0,0.0,0.0,0.6428571428571427,0.2142857142857142,0.0,0.0,0.2142857142857142,0.0,0.0,0.0,0.0,2.984866666666667
166,166,11.647739197530866,0.0296467507335667,0.08761936528235,0.0814712932716867,0.0452765051482452,99.38888888888889,0.0105944203497864,0.1044878468365667,-0.0122288390994071,-0.0579816926684644,0.0,0.0,0.0,0.0,0.0,0.0,0.0,0.0,0.6428571428571427,0.0,0.0,0.0,0.6428571428571427,0.2142857142857142,0.0,0.0,0.2142857142857142,0.0,0.0,0.0,0.0,2.500672727272727
167,167,11.232461419753086,0.0255169617917595,0.0837198693769623,0.0804339573653099,0.0489810273672143,99.33333333333331,0.0127897535497145,0.1044014782841727,-0.0093081668536696,-0.0610049594607618,0.0,0.0,0.0,0.0,0.0,0.0,0.0,0.0,0.6428571428571427,0.0,0.0,0.0,0.6428571428571427,0.2142857142857142,0.0,0.0,0.2142857142857142,0.0,0.0,0.0,0.0,2.8114166666666667
168,168,3.0207714843749995,0.008952344986028,0.0347227754941996,0.071044480965255,0.0605211880756542,99.9375,0.0174441186782139,0.059308187875324,-0.0050731627416098,-0.0563716110773384,0.0833333333333333,0.0,0.0,0.0,0.0,0.0,0.0,0.0,0.2499999999999999,0.6666666666666665,0.0833333333333333,0.1666666666666666,0.3333333333333333,0.3333333333333333,0.0,0.0,0.0833333333333333,0.0,0.0,0.0,0.0,5.57346923076923
169,169,3.904208984375,0.0141114762373035,0.0578031143036224,0.074095256271541,0.055897650658153,99.875,0.017464851957991,0.0598797837656462,-0.0065934314770856,-0.0546490610577166,0.0833333333333333,0.0,0.0,0.0,0.0,0.0,0.0,0.0,0.2499999999999999,0.6666666666666665,0.0833333333333333,0.1666666666666666,0.3333333333333333,0.3333333333333333,0.0,0.0,0.0833333333333333,0.0,0.0,0.0,0.0,4.686464285714286
170,170,3.459482421875,0.0094654636777704,0.0505785178665671,0.0724652166606595,0.0600652381544932,99.8125,0.0183950874385863,0.0595025251017311,-0.0033076752006309,-0.0580502361990511,0.0833333333333333,0.0,0.0,0.0,0.0,0.0,0.0,0.0,0.2499999999999999,0.6666666666666665,0.0833333333333333,0.1666666666666666,0.3333333333333333,0.3333333333333333,0.0,0.0,0.0833333333333333,0.0,0.0,0.0,0.0,5.320033333333333
171,171,6.833818359374999,0.0191121072275564,0.0659389729831033,0.0614580036670857,0.0548597754677757,99.375,0.0177346239607189,0.0628769058937057,0.0117601562524214,-0.0687351920641958,0.0833333333333333,0.0,0.0,0.0,0.0,0.0,0.0,0.0,0.2499999999999999,0.6666666666666665,0.0833333333333333,0.1666666666666666,0.3333333333333333,0.3333333333333333,0.0,0.0,0.0833333333333333,0.0,0.0,0.0,0.0,4.225242857142858
172,172,7.7172558593749985,0.0242712384788319,0.0783907810475602,0.0643884932579226,0.0502362380502745,99.3125,0.0178857243573891,0.0633618915281269,0.0102398875169456,-0.067012642044574,0.0833333333333333,0.0,0.0,0.0,0.0,0.0,0.0,0.0,0.2499999999999999,0.6666666666666665,0.0833333333333333,0.1666666666666666,0.3333333333333333,0.3333333333333333,0.0,0.0,0.0833333333333333,0.0,0.0,0.0,0.0,3.7894294117647056
173,173,7.272529296874999,0.0196252259192988,0.0737403870527446,0.0637683099191964,0.0544038255466148,99.25,0.0197041238451471,0.0630375221792927,0.0135256437934003,-0.0704138171859085,0.0833333333333333,0.0,0.0,0.0,0.0,0.0,0.0,0.0,0.2499999999999999,0.6666666666666665,0.0833333333333333,0.1666666666666666,0.3333333333333333,0.3333333333333333,0.0,0.0,0.0833333333333333,0.0,0.0,0.0,0.0,3.9644384615384616
174,174,8.118369140625001,0.0237111075402935,0.0676058820441954,0.0656115678173782,0.0456461569992825,99.1875,0.0139243632718731,0.0792885222179506,-0.0052482690371107,-0.0639971054624766,0.0833333333333333,0.0,0.0,0.0,0.0,0.0,0.0,0.0,0.2499999999999999,0.6666666666666665,0.0833333333333333,0.1666666666666666,0.3333333333333333,0.3333333333333333,0.0,0.0,0.0833333333333333,0.0,0.0,0.0,0.0,3.5911
175,175,9.001806640625,0.0288702387915691,0.0796869066650177,0.0686215196112964,0.0410226195817813,99.125,0.0140867063466403,0.0795079879226724,-0.0067685377725865,-0.0622745554428547,0.0833333333333333,0.0,0.0,0.0,0.0,0.0,0.0,0.0,0.2499999999999999,0.6666666666666665,0.0833333333333333,0.1666666666666666,0.3333333333333333,0.3333333333333333,0.0,0.0,0.0833333333333333,0.0,0.0,0.0,0.0,3.16810625
176,176,8.557080078124999,0.024224226232036,0.0751431242433542,0.0674796579137475,0.0451902070781216,99.0625,0.0161405441165639,0.0793470007479299,-0.0034827814961317,-0.0656757305841893,0.0833333333333333,0.0,0.0,0.0,0.0,0.0,0.0,0.0,0.2499999999999999,0.6666666666666665,0.0833333333333333,0.1666666666666666,0.3333333333333333,0.3333333333333333,0.0,0.0,0.0833333333333333,0.0,0.0,0.0,0.0,3.5467538461538464
177,177,11.6106640625,0.0257058632414555,0.0784062470765694,0.0775679026318374,0.0488893807632848,99.0,0.0104014855507963,0.1036090246851709,-0.0145049752900376,-0.0569047671742737,0.0833333333333333,0.0,0.0,0.0,0.0,0.0,0.0,0.0,0.2499999999999999,0.6666666666666665,0.0833333333333333,0.1666666666666666,0.3333333333333333,0.3333333333333333,0.0,0.0,0.0833333333333333,0.0,0.0,0.0,0.0,2.89778
178,178,12.5744140625,0.030864994492731,0.0883885996627251,0.0806259033646718,0.0442658433457836,98.9375,0.0105524357023924,0.1036167684679522,-0.0160252440255135,-0.0551822171546518,0.0833333333333333,0.0,0.0,0.0,0.0,0.0,0.0,0.0,0.2499999999999999,0.6666666666666665,0.0833333333333333,0.1666666666666666,0.3333333333333333,0.3333333333333333,0.0,0.0,0.0833333333333333,0.0,0.0,0.0,0.0,2.5984
180,180,3.605612244897959,0.0105610876843067,0.0340520054998049,0.0663100260183403,0.0604287296799676,99.28571428571428,0.0162482935612892,0.0602214639774491,-0.0161356863599004,-0.0496908420962946,0.0,0.0,0.3999999999999999,0.1,0.3999999999999999,0.2,0.2,0.2,0.0,0.0,0.0,0.0,0.0,0.0,0.0,0.0,0.0,0.0,0.0,0.0,0.0,4.9812
182,182,4.048673469387756,0.011147509046298,0.0493999445460783,0.0662562222143088,0.0599076440557837,99.14285714285714,0.0170424811586871,0.0602440064451092,-0.0141179863130673,-0.0516092708068234,0.0,0.0,0.3999999999999999,0.1,0.3999999999999999,0.2,0.2,0.2,0.0,0.0,0.0,0.0,0.0,0.0,0.0,0.0,0.0,0.0,0.0,0.0,0.0,4.849266666666667
183,183,7.227653061224487,0.0221722445317677,0.0645270359540913,0.0587142632990991,0.0539585438423923,98.64285714285714,0.0179360037954824,0.0628318594993949,0.0031023924904209,-0.0638206489384174,0.0,0.0,0.3999999999999999,0.1,0.3999999999999999,0.2,0.2,0.2,0.0,0.0,0.0,0.0,0.0,0.0,0.0,0.0,0.0,0.0,0.0,0.0,0.0,4.1789
184,184,8.066836734693878,0.0280683945332254,0.0762664249760771,0.0631776831184448,0.0486745010795337,98.57142857142856,0.0180808294637781,0.0629202127369972,0.0013649425070199,-0.0618520203445638,0.0,0.0,0.3999999999999999,0.1,0.3999999999999999,0.2,0.2,0.2,0.0,0.0,0.0,0.0,0.0,0.0,0.0,0.0,0.0,0.0,0.0,0.0,0.0,3.77645
185,185,7.64438775510204,0.022758665893759,0.0716876261197981,0.0594937485190196,0.0534374582182083,98.5,0.0198550577250229,0.0628269691695008,0.005120092537254,-0.0657390776489462,0.0,0.0,0.3999999999999999,0.1,0.3999999999999999,0.2,0.2,0.2,0.0,0.0,0.0,0.0,0.0,0.0,0.0,0.0,0.0,0.0,0.0,0.0,0.0,4.181342857142857
186,186,8.447857142857142,0.0274282448891816,0.0661675850619308,0.0618365227632822,0.0434286941641143,98.42857142857144,0.0139477356829014,0.0763624597753283,-0.0163358078404728,-0.0584056928221668,0.0,0.0,0.3999999999999999,0.1,0.3999999999999999,0.2,0.2,0.2,0.0,0.0,0.0,0.0,0.0,0.0,0.0,0.0,0.0,0.0,0.0,0.0,0.0,3.507375
187,187,9.28704081632653,0.0333243948906393,0.0775266834685502,0.0663985607923505,0.0381446514012558,98.35714285714286,0.0140991229042671,0.0762344111798076,-0.0180732578238738,-0.0564370642283133,0.0,0.0,0.3999999999999999,0.1,0.3999999999999999,0.2,0.2,0.2,0.0,0.0,0.0,0.0,0.0,0.0,0.0,0.0,0.0,0.0,0.0,0.0,0.0,3.159257142857143
188,188,8.864591836734693,0.0280146662511729,0.0730584163830549,0.0621981887720437,0.0429076085399304,98.28571428571428,0.0160873770109684,0.0762750837632327,-0.0143181077936398,-0.0603241215326956,0.0,0.0,0.3999999999999999,0.1,0.3999999999999999,0.2,0.2,0.2,0.0,0.0,0.0,0.0,0.0,0.0,0.0,0.0,0.0,0.0,0.0,0.0,0.0,3.33158
189,189,12.26908163265306,0.0297079656905095,0.0768106779185929,0.0720039382345479,0.0471352356086884,98.21428571428572,0.0098035163177258,0.0984242890620438,-0.0269149007009608,-0.0503001633499349,0.0,0.0,0.3999999999999999,0.1,0.3999999999999999,0.2,0.2,0.2,0.0,0.0,0.0,0.0,0.0,0.0,0.0,0.0,0.0,0.0,0.0,0.0,0.0,2.86345
190,190,13.318061224489794,0.0356041156919673,0.0860181169518421,0.0765652005613629,0.0418511928458298,98.14285714285714,0.0099371004020121,0.0981283037411002,-0.0286523506843618,-0.0483315347560814,0.0,0.0,0.3999999999999999,0.1,0.3999999999999999,0.2,0.2,0.2,0.0,0.0,0.0,0.0,0.0,0.0,0.0,0.0,0.0,0.0,0.0,0.0,0.0,2.4491555555555555
