id_cmb,onehot-1,onehot-2,prop,md_prop
2,1,0,-65.0,35.991407308007176
14,1,0,35.5,69.90981553903167
23,1,0,238.0,170.63595864061335
30,1,0,25.0,62.990907477755194
47,1,0,-78.08,-75.20087919279777
54,1,0,4.0,67.07380885374735
57,1,0,137.0,105.76372325322185
58,1,0,118.5,103.57562760061755
59,1,0,60.0,62.19230764450576
60,1,0,8.0,5.043225981764067
61,1,0,56.0,59.75289822858721
65,1,0,-34.0,-44.50860072491457
76,1,0,116.5,98.64846381461255
87,1,0,154.0,143.76683417463659
93,1,0,-51.0,-10.022724405548772
95,1,0,120.0,181.23626009844673
96,1,0,71.5,117.75237325664865
98,1,0,127.5,84.5554660182292
99,1,0,212.5,147.15579708380534
107,1,0,-13.0,-25.359523290563473
118,1,0,-16.0,58.15294726717875
122,1,0,5.5,-9.936834275659692
126,1,0,77.5,29.308398461403584
130,1,0,80.0,71.95709786415071
135,1,0,53.0,17.443658078181002
143,1,0,119.0,120.79653783381647
148,1,0,100.5,150.67982208709236
149,1,0,115.5,102.84535609536862
153,1,0,191.5,155.72350780701925
161,1,0,73.5,104.57843946075243
169,1,0,72.5,145.8915095066626
172,1,0,-148.0,-117.81426445513597
175,1,0,68.0,119.29689292277627
178,1,0,117.5,96.8162628879926
187,1,0,133.0,136.69447115332116
191,1,0,85.5,101.35346778196157
192,1,0,242.5,165.25543658751036
200,1,0,220.0,222.43593382198995
202,1,0,152.0,102.85270189061842
215,1,0,202.5,159.7627276466888
221,1,0,115.0,139.8739951158057
222,1,0,74.5,58.115110205553606
223,1,0,96.5,149.76837051489863
224,1,0,136.0,95.65314080304647
237,1,0,49.5,3.692702335883112
239,1,0,100.0,125.61580113065557
240,1,0,30.0,79.82028722953703
242,1,0,130.5,82.5956252269836
248,1,0,155.0,152.54920535903898
257,1,0,77.0,61.14246431677082
260,1,0,33.0,58.285879675256936
261,1,0,272.0,200.60154931351298
267,1,0,5.5,28.750323423610702
282,1,0,56.0,81.62271545612163
291,1,0,195.0,128.85906432609494
292,1,0,39.0,92.53561016338749
294,1,0,54.0,99.61045489054843
302,1,0,116.5,54.264064883934964
303,1,0,248.0,168.0301039906058
311,1,0,106.5,68.64435501297855
314,1,0,136.5,171.53366995414262
321,1,0,194.0,181.96740185611304
322,1,0,-37.0,-29.35254407798871
324,1,0,-3.0,35.30224847286122
326,1,0,56.0,82.77939983529694
334,1,0,99.0,47.91491945852265
341,1,0,76.5,77.52462621602695
346,1,0,-129.0,-73.29438857398588
351,1,0,143.0,108.65275993169745
359,1,0,-20.0,4.616299604858483
361,1,0,-18.0,7.809720579548468
364,1,0,187.0,200.75309215061623
366,1,0,154.5,133.62596653493932
368,1,0,-20.0,-17.036472413112307
371,1,0,2.0,33.425562648020936
374,1,0,47.0,62.517863128023066
378,1,0,185.5,207.43493345360395
382,1,0,46.0,41.48553243599243
386,1,0,7.5,59.88154964340724
390,1,0,110.0,23.576959282905385
396,1,0,116.0,77.69321735203958
397,1,0,108.5,140.71798320712176
398,1,0,-78.0,-51.83225588836618
400,1,0,42.5,45.21032629355699
409,1,0,138.0,133.36963125301799
418,1,0,81.5,84.25173719843282
420,1,0,43.5,62.74987998990848
422,1,0,122.5,59.38216529348949
424,1,0,316.0,245.3140590806912
428,1,0,179.0,127.82171803928532
430,1,0,127.0,150.73338315047
436,1,0,20.0,13.209609802909043
440,1,0,300.0,102.84850197677802
448,1,0,137.5,145.28073284732042
464,1,0,19.0,46.10392958325266
474,1,0,12.0,68.87889074210929
479,1,0,82.5,56.075492588060904
486,1,0,68.5,56.8336608183166
490,1,0,56.5,46.40218832945467
500,1,0,-47.0,-27.017575762744613
508,1,0,232.0,244.0343339824054
510,1,0,41.0,81.94460074466129
513,1,0,32.0,39.37384602669286
518,1,0,53.0,72.49168149196889
521,1,0,123.5,115.08982247244305
525,1,0,185.0,185.62540248932015
534,1,0,212.0,123.84821577036413
538,1,0,59.0,138.26624431440794
546,1,0,86.5,43.54009028753255
547,1,0,68.0,76.82203522400408
558,1,0,27.5,40.374387663130236
561,1,0,60.5,67.34633839804425
562,1,0,169.5,172.38547950662604
565,1,0,51.5,71.74220497529794
567,1,0,300.0,259.6021659657033
569,1,0,286.0,238.85240785518377
570,1,0,210.0,114.53942835816008
572,1,0,28.5,54.012961927106915
573,1,0,153.0,110.65568641000279
574,1,0,125.0,134.77224572216775
575,1,0,212.5,120.78828935438219
591,1,0,148.0,101.28368542973577
592,1,0,132.5,161.43896893492257
595,1,0,-44.0,5.465411915377487
610,1,0,7.0,-26.974452323080982
617,1,0,104.5,121.59198097506746
619,1,0,7.5,64.4830511913282
620,1,0,186.0,238.740010160979
621,1,0,46.0,69.09656735763878
626,1,0,57.5,136.1958327340469
628,1,0,44.0,17.191322714202883
630,1,0,72.5,52.8535911165562
631,1,0,154.5,112.71107127160414
633,1,0,77.5,56.91886988109644
635,1,0,147.0,124.72017626081022
638,1,0,42.5,107.92524647797626
640,1,0,41.5,76.8009437647953
641,1,0,-30.0,-83.88591183352221
653,1,0,99.0,116.00477127018982
655,1,0,197.3,194.1522437806844
664,1,0,191.5,135.88426615274184
667,1,0,206.5,103.12523143491532
671,1,0,66.5,120.3824652472744
672,1,0,93.5,96.24278276082376
673,1,0,103.0,63.41595956878672
675,1,0,73.5,45.18733757597245
698,1,0,233.0,194.31578637161732
704,1,0,-80.0,-47.25864160618656
706,1,0,45.5,62.34828822840818
721,1,0,342.0,211.64858755265993
724,1,0,5.5,38.367174786272216
750,1,0,51.0,19.522410027983142
759,1,0,146.0,120.57594776454185
764,1,0,114.5,53.962498097488
767,1,0,108.0,83.31145919057528
769,1,0,121.0,51.85327650248858
777,1,0,229.5,203.4423342791511
792,1,0,223.5,172.28098435300643
800,1,0,46.5,70.68288076097863
807,1,0,-5.0,57.808467847554354
808,1,0,76.5,108.79469756044242
819,1,0,165.0,106.20943302857708
822,1,0,119.5,218.78848432368173
826,1,0,33.5,58.09104042906549
828,1,0,62.0,26.84508142783246
829,1,0,114.0,66.17197330050095
841,1,0,35.0,60.061583787914216
845,1,0,-27.0,85.66230277136066
847,1,0,100.0,86.86714291939576
859,1,0,147.0,132.81830202278343
875,1,0,249.0,170.13517431941548
881,1,0,129.0,158.96657100656142
889,1,0,117.0,162.6153556126156
897,1,0,43.0,44.60974942497003
899,1,0,40.0,157.67835959588257
901,1,0,-8.0,52.52193846082274
906,1,0,17.9,-24.182066364555936
907,1,0,37.5,72.08348446056775
908,1,0,15.5,33.561003112755415
912,1,0,33.5,20.96455341594215
919,1,0,68.0,56.43340416456222
921,1,0,116.0,80.3358499637777
923,1,0,49.5,41.56461730008351
926,1,0,200.0,207.52132087058868
932,1,0,68.0,80.4684202171232
939,1,0,42.0,86.44656235825416
948,1,0,42.5,25.162445676184014
949,1,0,64.0,84.72105721578441
950,1,0,-23.0,-67.99084332011199
961,1,0,-58.0,-34.73872547445194
962,1,0,49.5,47.20108004860807
963,1,0,65.5,35.757585077752786
964,1,0,160.0,139.1037352417135
966,1,0,211.0,137.0031675232372
971,1,0,33.5,68.66153303895638
972,1,0,174.0,146.35381353618772
975,1,0,-15.0,-20.91647930275775
981,1,0,-58.0,-25.457845597843686
982,1,0,117.5,155.91464983176047
983,1,0,-18.0,45.88080983614367
995,1,0,-53.0,-60.95849028881793
1004,1,0,253.5,161.61066811528298
1008,1,0,50.0,58.22862679572357
1015,1,0,-23.0,-25.616512613121486
1016,1,0,187.5,80.80891052939339
1027,1,0,137.5,88.49934735765014
1036,1,0,119.0,122.03368002189042
1038,1,0,21.5,-2.3193310863326815
1049,1,0,270.0,225.698753372995
1053,1,0,131.0,84.42440924734872
1056,1,0,3.5,-38.944660812936405
1060,1,0,126.0,142.31222617751934
1062,1,0,60.5,67.6339324981625
1063,1,0,69.5,88.80881668468223
1069,1,0,78.0,57.426097313359634
1076,1,0,-15.0,-15.991661414573514
1082,1,0,84.0,94.63246984982452
1090,1,0,194.0,199.91423368379762
1096,1,0,300.0,242.64956239045915
1098,1,0,109.5,143.76727740878704
1099,1,0,95.5,117.69006102144655
1102,1,0,147.0,118.15851627613301
1104,1,0,120.5,98.9848244818711
1105,1,0,126.5,131.65172595464037
1108,1,0,82.5,122.72617392375389
1109,1,0,81.0,250.0916583673865
1115,1,0,106.0,64.21671611454877
1116,1,0,100.5,169.11593576924076
1118,1,0,25.5,28.4177518678092
1123,1,0,171.5,118.28580015144001
1131,1,0,159.5,157.9869316440247
1136,1,0,115.0,162.39945733898247
1140,1,0,178.5,158.67392295606896
1142,1,0,115.0,136.51969095508557
1146,1,0,85.0,79.50286671426915
1152,1,0,202.75,202.6054649607151
1154,1,0,60.0,67.36770012197891
1156,1,0,222.0,6.583686271708771
1173,1,0,126.5,153.0295955040209
1174,1,0,56.5,75.82887181458361
1177,1,0,33.5,129.27273151554817
1201,1,0,26.0,39.880695088339806
1203,1,0,58.5,37.37920586488343
1204,1,0,50.5,-2.793094340235683
1205,1,0,70.5,56.72885756290946
1207,1,0,189.5,165.5796461526927
1208,1,0,125.0,120.748322606717
1209,1,0,-40.0,15.499714173654752
1211,1,0,300.0,183.25967804826934
1212,1,0,37.5,78.0699663799357
1214,1,0,55.0,67.75744347789602
1222,1,0,34.0,18.18576177312957
1225,1,0,327.0,251.0387524516311
1226,1,0,39.0,45.6693655251933
1229,1,0,23.0,-17.42196720753836
1242,1,0,-38.0,23.517106456708916
1243,1,0,17.0,38.271733500970036
1245,1,0,-113.0,-114.26709398072342
1247,1,0,-23.0,-57.76071805204103
1255,1,0,277.0,254.6509702402718
1259,1,0,96.5,78.87479851776426
1265,1,0,-7.0,52.242900941926294
1278,1,0,179.0,71.34408881817264
1282,1,0,53.0,59.687121199599154
1283,1,0,-10.0,-22.262365205942373
1288,1,0,83.5,59.867668847085326
1289,1,0,171.0,168.91266966889594
1290,1,0,212.0,166.11996479799436
1293,1,0,25.0,15.577993648862659
1295,1,0,-75.0,-69.08218309386069
1313,1,0,14.0,43.94277932381998
1315,1,0,65.5,91.31910032231919
1316,1,0,9.5,40.38637120107637
1321,1,0,-16.0,-41.696150313139185
1328,1,0,86.0,64.56303333430925
1330,1,0,220.0,187.80421184594275
1336,1,0,56.5,33.74961005436775
1345,1,0,138.0,162.0627831646419
1349,1,0,-75.0,-47.976140400489754
1350,1,0,190.0,96.35228321716694
1353,1,0,36.5,49.21844947386518
1371,1,0,53.5,61.8608387687859
1376,1,0,129.0,90.12334106907412
1378,1,0,-30.0,83.66375466607252
1387,1,0,171.5,114.64141004982889
1388,1,0,195.5,164.56822906368535
1390,1,0,-27.0,9.177092528441662
1392,1,0,67.0,70.63955732541784
1402,1,0,-45.0,-75.89074612152555
1405,1,0,18.0,13.03077022849051
1407,1,0,136.0,95.8837090460011
1412,1,0,75.5,118.55757295450442
1421,1,0,120.0,162.48815822202084
1422,1,0,50.0,61.01491017673793
1426,1,0,34.0,30.134527459632572
1427,1,0,-21.0,-21.655047935091616
1437,1,0,37.0,42.290661865019466
1448,1,0,61.5,78.23674133699033
1449,1,0,-37.0,-22.66899470193333
1452,1,0,159.0,92.50041629078159
1460,1,0,117.5,100.9625839089012
1461,1,0,30.0,54.94842922284355
1463,1,0,-30.0,-26.54760702559315
1470,1,0,37.0,37.296791339369335
1472,1,0,101.0,125.88556856945385
1473,1,0,-35.0,6.519838932863593
1474,1,0,19.0,55.25805530341666
1475,1,0,149.0,114.53703921798318
1477,1,0,66.5,83.56161622086269
1483,1,0,-87.0,-26.011542347077082
1486,1,0,12.5,31.713527499489743
1489,1,0,256.0,208.676940406744
1491,1,0,187.0,105.74497769183385
1495,1,0,380.0,282.5813053683546
1503,1,0,56.0,73.44411600719715
1512,1,0,193.0,184.30377554793176
1514,1,0,84.5,86.05805140948712
1522,1,0,100.5,40.121230694385396
1524,1,0,58.5,136.70097372262617
1532,1,0,135.0,110.97979867988381
1541,1,0,147.0,146.85470055798146
1542,1,0,29.5,7.858281745497095
1544,1,0,19.0,67.78770772190163
1545,1,0,49.0,75.26450501397191
1546,1,0,186.5,173.02458531453647
1549,1,0,214.0,28.127963218116697
1555,1,0,188.5,148.46070004395543
1556,1,0,88.5,126.22261570911616
1564,1,0,76.0,143.40396594306236
1565,1,0,22.0,34.798420970849776
1573,1,0,5.5,57.57300240776654
1593,1,0,103.5,91.82172751111676
1610,1,0,134.0,153.4380790160315
1615,1,0,86.5,43.88243461582238
1619,1,0,254.5,165.50792329973498
1620,1,0,-104.0,44.69659899463605
1625,1,0,61.0,76.76607420986048
1629,1,0,68.0,32.46631746170016
1637,1,0,228.5,195.0038695531542
1645,1,0,19.0,-8.931881918895726
1646,1,0,194.0,180.09531053161294
1658,1,0,-70.0,9.06637588083197
1663,1,0,18.5,5.422450634549392
1665,1,0,-100.0,-55.33441107003384
1670,1,0,56.0,33.17368673407684
1677,1,0,101.0,129.99258701826113
1679,1,0,8.0,32.278645636039414
1693,1,0,-100.0,-64.32639957583956
1703,1,0,74.5,94.53412592136624
1711,1,0,212.5,102.25050883897062
1712,1,0,88.0,80.03705575558752
1718,1,0,101.0,71.93836851864627
1720,1,0,167.5,108.36943196027744
1722,1,0,-78.0,-15.21724486899707
1727,1,0,17.8,65.37308158134755
1728,1,0,64.5,123.38285234414192
1732,1,0,92.5,97.1893153701003
1738,1,0,107.5,120.56696416505314
1741,1,0,86.5,33.45588635026623
1743,1,0,63.5,85.35309830375994
1745,1,0,165.5,141.1979571444258
1749,1,0,90.5,125.79490015921095
1755,1,0,-16.0,-37.51893870972272
1756,1,0,159.5,99.03600721566089
1757,1,0,13.0,56.070200804727904
1761,1,0,-28.0,9.950649632189766
1778,1,0,27.5,31.667933840231434
1791,1,0,180.0,229.66912597639032
1803,1,0,61.0,48.42701706114645
1807,1,0,55.0,61.1345996132473
1812,1,0,-2.5,40.10616613856407
1815,1,0,64.5,70.87374711569944
1819,1,0,146.5,203.85136372590802
1821,1,0,361.0,219.5158423751855
1825,1,0,103.5,110.40375644311351
1827,1,0,211.5,167.1695054292363
1828,1,0,-60.0,-47.81272753662526
1830,1,0,97.0,67.64069452160436
1839,1,0,222.5,146.988043768443
1844,1,0,7.0,42.787378702092646
1846,1,0,-27.0,38.472810457035116
1847,1,0,94.0,97.8676960479776
1848,1,0,77.0,114.50299126781506
1849,1,0,103.0,119.49588884045197
1851,1,0,171.0,131.77435046607297
1866,1,0,108.5,73.19587245116907
1875,1,0,99.0,110.26314311152542
1877,1,0,290.0,154.95780459620562
1883,1,0,78.5,45.379382284898156
1885,1,0,65.0,105.0324517684871
1889,1,0,113.0,85.20715535177722
1890,1,0,76.5,20.847404467856165
1893,1,0,103.0,108.00681237225105
1897,1,0,-140.0,-104.15880405108544
1902,1,0,212.0,159.1496537371765
1905,1,0,134.0,122.33991157750631
1924,1,0,90.5,140.1364870281829
1932,1,0,65.5,67.03838255347716
1936,1,0,201.0,156.0118910801371
1943,1,0,214.0,199.04315966165248
1957,1,0,325.0,200.3095877354243
1972,1,0,33.5,104.11421655167348
1979,1,0,65.0,5.3451603282382365
1981,1,0,-11.0,-2.345033261765195
1985,1,0,163.0,148.05917855128385
1988,1,0,8.0,24.388839924785245
1990,1,0,163.5,138.9062744276809
2008,1,0,201.5,213.74331214776242
2012,1,0,11.8,68.8975119817234
2015,1,0,65.0,33.36274231513415
2018,1,0,-56.0,-18.947579153442447
2019,1,0,104.0,113.827859171943
2022,1,0,53.0,56.27814248483068
2026,1,0,194.0,192.69833847185447
2044,1,0,19.6,7.984414293071794
2049,1,0,66.0,99.50999749193365
2052,1,0,135.5,106.27696137298892
2055,1,0,43.0,85.13176770913637
2071,1,0,194.0,139.3574273346156
2075,1,0,14.5,-3.2783168185166005
2080,1,0,230.0,73.6384147239368
2082,1,0,-91.0,-118.78155271969936
2087,1,0,109.0,141.1070509012241
2090,1,0,206.7,204.55497091330022
2092,1,0,29.5,-15.506806496319811
2094,1,0,193.0,145.85886693306915
2101,1,0,154.5,24.709309026161222
2106,1,0,2.0,-1.6207670387256172
2110,1,0,170.0,163.82142816780078
2111,1,0,62.5,44.28325342020662
2113,1,0,70.0,62.96836199432113
2117,1,0,24.5,-2.726949751220417
2118,1,0,158.0,128.35498818053566
2124,1,0,68.0,31.860140707992677
2128,1,0,-57.0,31.351421414442548
2134,1,0,147.5,299.7368885633341
2135,1,0,152.0,94.90648585011385
2142,1,0,100.0,178.51456458162647
2150,1,0,82.0,70.60077433725206
2152,1,0,-57.0,-20.18701318639198
2153,1,0,-20.0,27.440739478408148
2157,1,0,-8.0,70.57276410106041
2163,1,0,97.5,114.22211594878254
2168,1,0,37.0,54.92174328380878
2173,1,0,164.0,88.21762881267283
2179,1,0,-70.0,-66.33808803655836
2183,1,0,-17.0,-27.14996223607649
2189,1,0,4.0,-23.706281530503247
2205,1,0,104.0,65.54622938063875
2206,1,0,100.5,140.57128891920104
2220,1,0,92.5,98.65432855916445
2226,1,0,64.0,97.5129033264131
2257,1,0,37.0,50.82525434872232
2260,1,0,91.0,41.56593078665136
2263,1,0,59.5,11.41040346968802
2267,1,0,99.0,59.25890295730379
2277,1,0,105.0,60.10444236814648
2284,1,0,154.0,51.1324534520569
2285,1,0,2.5,-5.7500553009465705
2286,1,0,79.0,24.703438876314806
2287,1,0,2.0,-19.071436072025122
2290,1,0,145.5,179.3736820922981
2292,1,0,108.0,137.2342762956436
2304,1,0,130.0,161.8160422804898
2320,1,0,66.5,133.99576975937998
2333,1,0,-7.0,-19.80979930316731
2335,1,0,95.0,106.19950350254773
2338,1,0,97.0,120.11038434242246
2345,1,0,42.0,31.052108635809546
2350,1,0,129.0,88.47878561730413
2353,1,0,76.0,72.06210111545502
2360,1,0,187.0,128.87561533790867
2363,1,0,33.0,-9.187649644892701
2365,1,0,68.0,51.05834686421679
2368,1,0,207.0,243.19982137237918
2369,1,0,-54.0,-71.8552397191898
2383,1,0,113.5,125.23021985151723
2386,1,0,191.5,168.083827212819
2390,1,0,-1.9,66.73459959627789
2398,1,0,142.0,135.32609381964764
2400,1,0,36.5,33.75525858713893
2408,1,0,216.0,204.02739254717721
2413,1,0,58.0,23.28008429209995
2417,1,0,262.5,198.84435292928492
2419,1,0,90.0,114.62961569719087
2422,1,0,174.0,169.42243758958256
2436,1,0,55.0,75.24068928632614
2439,1,0,39.0,52.79598689287917
2440,1,0,57.5,69.15508507608934
2444,1,0,62.5,73.59649666495066
2445,1,0,-51.0,-20.427192042999394
2447,1,0,19.0,-14.119494415950172
2448,1,0,18.0,46.068254639434656
2450,1,0,140.5,184.1915292019735
2451,1,0,117.5,130.1701617537625
2461,1,0,56.5,52.04847249811821
2466,1,0,85.5,78.89919261192344
2468,1,0,268.5,192.94917656925114
2473,1,0,67.0,91.72623757816393
2476,1,0,-56.0,-23.860570257221568
2483,1,0,-10.0,67.50888100949138
2484,1,0,165.0,161.73192508720257
2489,1,0,65.5,46.487883868741115
2495,1,0,86.0,89.97537653694172
2497,1,0,16.25,19.530831476841996
2507,1,0,50.0,70.6682972763694
2508,1,0,104.5,71.96298422988069
2514,1,0,76.0,89.67877721615669
2516,1,0,120.5,142.9230785109848
2517,1,0,74.5,79.47774290535004
2525,1,0,138.0,143.1236473693652
2531,1,0,152.0,138.8737453652723
2532,1,0,136.5,150.3295265705667
2539,1,0,167.0,139.58313621779865
2544,1,0,109.5,203.3235475268262
2548,1,0,84.0,67.49028139105536
2549,1,0,72.5,62.11212010033303
2563,1,0,300.0,291.20205824667244
2564,1,0,145.0,177.42861929180663
2567,1,0,82.0,73.89463649467328
2568,1,0,112.5,111.66677377604455
2569,1,0,67.0,95.91157874453528
2572,1,0,-67.0,-78.91788402096205
2574,1,0,-75.0,-103.71308346514118
2578,1,0,31.0,47.496057781037734
2580,1,0,125.5,161.198746835959
2592,1,0,57.0,111.03080303895452
2594,1,0,67.5,115.53707816203038
2595,1,0,-70.0,-22.833629162358875
2599,1,0,-80.0,-13.283381838746664
2600,1,0,119.0,101.93394776553106
2606,1,0,86.0,88.15371661029343
2610,1,0,180.5,115.7530088674306
2611,1,0,74.0,92.95275295721572
2626,1,0,13.0,80.69802091235911
2629,1,0,155.0,153.00379062799254
2632,1,0,-125.0,-38.68024461571083
2639,1,0,131.0,120.14289178365298
2646,1,0,58.5,93.81831357895264
2647,1,0,198.0,176.285291395385
2654,1,0,161.5,158.63768586162112
2658,1,0,280.0,190.56357145496355
2665,1,0,23.0,52.81749455976581
2676,1,0,96.5,80.23878709012017
2678,1,0,119.0,18.089147538917004
2682,1,0,49.5,99.89842736128291
2688,1,0,137.5,89.6507831958486
2690,1,0,36.0,5.299134245418514
2696,1,0,65.0,38.47999409344938
2697,1,0,219.5,167.6409390012021
2699,1,0,84.5,47.57377510561579
2707,1,0,54.5,116.74360476195507
2715,1,0,56.0,59.24784913001473
2719,1,0,-45.0,-60.381756174349334
2722,1,0,97.0,82.87263035514131
2728,1,0,91.5,150.19768062668663
2729,1,0,42.0,12.404501995060087
2733,1,0,156.5,140.7124049431793
2741,1,0,-16.0,1.1852618831625392
2743,1,0,50.5,84.48402964588092
2744,1,0,-15.0,7.637718702695068
2745,1,0,159.0,102.65202492634766
2757,1,0,29.0,32.35300086742735
2764,1,0,219.0,168.67300972056228
2772,1,0,6.0,38.17081665232124
2773,1,0,163.5,109.69074944855468
2775,1,0,66.0,59.93049458526663
2777,1,0,107.5,149.51915400585733
2778,1,0,60.5,35.38799806509285
2788,1,0,54.0,45.324156390808994
2790,1,0,-76.0,-25.555962503932207
2802,1,0,216.5,183.60728172812506
2806,1,0,260.0,156.36252172492283
2808,1,0,218.5,223.97428064177817
2828,1,0,30.0,-26.571228162636288
2831,1,0,23.5,26.745472660456997
2832,1,0,106.0,125.98511787858962
2843,1,0,213.5,133.14528450405345
2844,1,0,206.0,183.2894071681177
2850,1,0,82.5,121.30077073291676
2858,1,0,-102.0,-92.461908873232
2861,1,0,-96.0,37.93845385158669
2873,1,0,187.5,174.2343659017609
2875,1,0,-134.0,-130.18289720390422
2880,1,0,188.0,201.4135110348106
2881,1,0,96.5,58.55387958274787
2882,1,0,17.5,61.5136350807245
2883,1,0,33.5,32.36416280060677
2885,1,0,59.5,32.61803326822797
2891,1,0,-21.0,35.95066219793141
2904,1,0,-14.0,-51.256764991636686
2909,1,0,30.0,29.344440965248793
2913,1,0,27.5,63.288070300493715
2919,1,0,329.0,229.05804662055513
2920,1,0,70.0,62.55827851513324
2932,1,0,248.0,244.61009514386078
2935,1,0,75.0,27.739830639965916
2938,1,0,120.0,144.17004752449225
2943,1,0,-92.0,-64.4936393882227
2944,1,0,70.5,37.85521772130588
2960,1,0,-5.0,-8.089953244790976
2964,1,0,-31.0,-38.93875823132288
2978,1,0,29.0,35.60516658293765
2989,1,0,126.5,47.88532006574275
2996,1,0,44.5,62.90736865098138
3007,1,0,-60.0,-23.9348065721301
3017,1,0,36.0,31.20026775854459
3018,1,0,-112.0,-49.103771321631484
3020,1,0,-71.0,-56.50753294983801
3032,1,0,103.5,158.60352440026813
3038,1,0,148.5,145.50827953063956
3044,1,0,290.0,164.68432938463488
3047,1,0,38.0,39.558528724485214
3055,1,0,103.0,112.45808186698936
3067,1,0,8.0,-7.212133415087521
3068,1,0,-35.0,6.469591315025383
3072,1,0,111.0,70.50133313400666
3075,1,0,132.0,123.76701743611657
3081,1,0,-50.0,-0.7843841967962248
3089,1,0,8.0,35.08785827639861
3091,1,0,131.8,96.23949634175689
3092,1,0,-127.0,-120.74745833585175
3098,1,0,88.5,73.26303864084822
3103,1,0,54.5,77.60831098575275
3109,1,0,281.0,205.63320825313758
3111,1,0,62.0,114.77293167603791
3113,1,0,197.5,207.97513858772072
3114,1,0,91.0,129.13679376371803
3123,1,0,-11.0,-7.495316794879173
3125,1,0,152.0,102.50841706159666
3136,1,0,86.0,113.19850992063738
3137,1,0,9.5,45.52079830272215
3141,1,0,270.0,202.83614130956005
3145,1,0,111.0,133.82856237876393
3155,1,0,107.5,41.262499173595735
3163,1,0,210.0,125.03280768513528
3165,1,0,20.0,3.2327009618226157
3174,1,0,142.5,231.95657094223324
3175,1,0,167.5,88.00497371575045
3178,1,0,-40.0,-7.381600208812046
3180,1,0,33.5,26.032465665898172
3182,1,0,33.0,17.357746327113844
3199,1,0,-35.0,-7.0734335577587615
3200,1,0,70.5,103.72668396121418
3206,1,0,144.0,168.3569567448074
3208,1,0,146.5,84.76089423638118
3216,1,0,244.0,241.37342640773323
3227,1,0,52.0,49.14066188045839
3231,1,0,143.75,101.36419188628504
3232,1,0,172.0,137.7595844380691
3239,1,0,23.0,19.90029416772802
3245,1,0,249.5,127.32039859393016
3246,1,0,48.5,41.7233708000736
3247,1,0,-15.0,11.124312041445748
3251,1,0,76.0,97.1472243416896
3252,1,0,173.5,151.25375085370615
3255,1,0,87.5,52.8503857769071
3275,1,0,125.5,118.48270422013728
3280,1,0,185.0,102.43597530446806
3282,1,0,12.0,12.913848302774284
3289,1,0,-45.0,-25.63953916776765
3295,1,0,59.5,99.35900058957671
3296,1,0,187.5,138.59834020429187
3306,1,0,-2.0,-0.7204557785332639
3310,1,0,62.0,80.6181414699739
3314,1,0,-5.0,37.49232246325907
3331,1,0,124.0,179.20865845066726
3344,1,0,201.0,142.04043715857136
3347,1,0,76.5,170.68344955824745
3350,1,0,48.5,57.52464123771507
3368,1,0,100.0,106.19160636725711
3370,1,0,120.0,109.71804078057545
3375,1,0,59.5,52.879601393776234
3393,1,0,86.5,75.1514532791305
3394,1,0,124.0,141.96986563334596
3400,1,0,78.0,80.68850218871313
3402,1,0,15.0,66.75010738624968
3404,1,0,-22.0,7.752246082939877
3410,1,0,209.5,129.32056296673687
3415,1,0,69.0,55.905117704857375
3417,1,0,135.0,143.21348336425234
3421,1,0,39.5,82.91722403491381
3424,1,0,-90.0,-68.31641501951285
3425,1,0,49.0,18.65547646143868
3434,1,0,55.0,61.50686765198812
3448,1,0,92.5,70.20135550414795
3457,1,0,81.0,64.23356982285553
3458,1,0,-120.0,-93.1024362736006
3464,1,0,130.0,121.60434828892437
3469,1,0,-50.9,-48.148785507390784
3471,1,0,177.0,127.28776142563122
3480,1,0,290.0,173.90002140935752
3482,1,0,-42.0,-17.797786524777422
3487,1,0,124.0,189.18545918586335
3500,1,0,101.0,10.727514776182815
3516,1,0,76.0,48.09101854862061
3521,1,0,295.0,280.8674162038038
3530,1,0,192.0,233.03905684356164
3535,1,0,-41.0,56.923186008768965
3547,1,0,77.0,93.81362178331112
3550,1,0,-48.0,26.800758012785863
3551,1,0,255.0,238.211221008884
3553,1,0,92.0,102.90477109270914
3555,1,0,121.0,102.6602896216655
3561,1,0,114.0,70.36374136205406
3563,1,0,119.5,112.83065800751768
3566,1,0,249.0,222.77413228938457
3570,1,0,290.0,172.61207485811002
3573,1,0,33.0,25.49562803026604
3574,1,0,116.0,61.02151544663877
3580,1,0,-50.0,-0.16659146516981593
3586,1,0,210.0,164.0957522698776
3587,1,0,-9.0,-7.448452891409161
3594,1,0,302.0,271.09040596457754
3596,1,0,48.5,89.34157332295337
3597,1,0,157.0,131.2046702609502
3601,1,0,295.0,242.583304290259
3609,1,0,92.5,137.7127745875443
3617,1,0,2.5,24.162909424526966
3631,1,0,42.0,-12.448490858104194
3633,1,0,53.5,74.8924748081899
3646,1,0,-24.0,-22.092152481574374
3650,1,0,144.5,154.87017396148178
3651,1,0,11.0,24.449984616371488
3652,1,0,201.0,170.36787765370468
3653,1,0,-103.0,-68.96381795450819
3660,1,0,248.0,162.64053887977437
3664,1,0,-70.0,-52.49442608798435
3669,1,0,88.5,84.48393775587411
3671,1,0,10.0,-31.52406709760119
3677,1,0,-40.0,31.425095578721226
3685,1,0,88.0,66.46401055271289
3687,1,0,-17.0,-16.737516383917495
3688,1,0,-1.0,29.24656729741357
3689,1,0,215.5,91.60890485006433
3690,1,0,62.5,38.91892022418466
3693,1,0,80.5,155.25906328086506
3699,1,0,55.5,54.08051189269685
3701,1,0,133.5,91.32334347851572
3704,1,0,-38.0,-16.976603371032283
3706,1,0,57.0,28.39923332879095
3712,1,0,-129.0,-101.75826951333949
3719,1,0,81.0,87.09939220894545
3739,1,0,156.0,166.07008474018338
3740,1,0,150.0,130.70737776001087
3743,1,0,162.5,-10.438196963370984
3751,1,0,162.5,145.66715194710903
3752,1,0,-34.0,100.84140125978125
3758,1,0,123.5,75.32912530993316
3766,1,0,240.5,162.652517012426
3773,1,0,285.5,158.19735975960572
3779,1,0,-80.0,67.44764713054559
3780,1,0,67.0,83.11426323597404
3789,1,0,97.0,112.34064643829393
3792,1,0,115.0,78.68604022790542
3799,1,0,175.0,187.57932997282091
3800,1,0,97.0,180.47683783986287
3803,1,0,121.5,120.7956675813991
3804,1,0,16.5,62.99268581965158
3805,1,0,53.5,83.88215018577289
3809,1,0,307.0,191.7686278147794
3810,1,0,31.0,11.711716207292639
3811,1,0,92.0,130.10556307897932
3820,1,0,68.0,18.328180473086633
3830,1,0,135.0,121.50324766026196
3839,1,0,30.0,61.89507590426214
3848,1,0,46.5,69.83857375728603
3860,1,0,266.0,161.3668947378212
3861,1,0,-29.0,17.477695217760086
3866,1,0,53.5,13.220009589561442
3870,1,0,275.0,201.8527452673334
3874,1,0,-14.0,30.12151151043352
3875,1,0,2.5,0.5299996499382047
3886,1,0,-29.0,4.827868237582763
3892,1,0,102.0,74.41105833291138
3895,1,0,215.5,179.15978377763662
3897,1,0,58.5,69.80970407926604
3915,1,0,91.5,90.84986129992765
3916,1,0,72.5,59.55832924712166
3918,1,0,123.0,120.14291881012556
3931,1,0,-55.0,-41.471960317715656
3943,1,0,163.5,117.02864756306087
3947,1,0,87.0,173.34503820002885
3953,1,0,105.5,78.19218008898494
3957,1,0,205.0,142.8445990398797
3958,1,0,12.0,-32.27345712955986
3963,1,0,140.5,133.6987596362116
3972,1,0,55.0,65.82948302925914
3976,1,0,42.5,42.561721169207516
3979,1,0,122.0,121.83053824331951
3988,1,0,-51.0,-43.37526181276198
3991,0,1,0.987,1.0148154497388528
3994,0,1,1.08,1.11132905457184
3999,0,1,1.494,1.4937610901232992
4001,0,1,0.809,0.7806067513822346
4010,0,1,1.16,1.1822265118706312
4013,0,1,1.093,1.1213116797979095
4033,0,1,0.838,0.9864077519306966
4036,0,1,1.39,1.2778290942857498
4053,0,1,1.055,1.0337864984603937
4056,0,1,1.02,0.9269948032824534
4060,0,1,1.126,1.153177768158979
4089,0,1,1.188,1.217708664745974
4092,0,1,1.388,1.3345624894420993
4103,0,1,0.86,0.7782383380971507
4107,0,1,0.99,0.9959529516262025
4116,0,1,1.05,1.0339172453476353
4128,0,1,1.37,1.2989460896598821
4137,0,1,1.106,1.0316379479470426
4144,0,1,0.893,0.9624790561695759
4146,0,1,0.82,0.8319555317194087
4161,0,1,0.82,0.8374304547374554
4169,0,1,1.092,1.07724040278226
4174,0,1,1.161,1.20785654794427
4177,0,1,1.055,1.0107016882020905
4184,0,1,1.19,1.1737752336958485
4185,0,1,0.875,0.8711130744417969
4187,0,1,0.864,0.8839234847604627
4188,0,1,1.084,0.9729178301081555
4200,0,1,1.04,1.0542907442435987
4203,0,1,0.94,1.0960238389129686
4206,0,1,0.873,0.9127334309787876
4209,0,1,0.815,0.7951492944938343
4214,0,1,0.918,0.8477452818269368
4216,0,1,0.85,0.8616594829524544
4220,0,1,1.48,1.357160108506074
4223,0,1,0.9327,1.254201900215835
4226,0,1,1.02,1.0609285103228145
4232,0,1,1.1,1.052509295789424
4235,0,1,1.381,1.379840266494571
4243,0,1,1.172,1.2532034792308009
4248,0,1,0.981,0.9957641813365685
4249,0,1,1.065,1.1831589786395562
4257,0,1,1.21,1.1668437794307929
4268,0,1,0.784,0.8747492025301506
4272,0,1,0.973,1.0204235042729017
4274,0,1,0.86,0.8859818039984511
4276,0,1,0.997,1.0917886533777978
4277,0,1,1.16,1.1980939085675466
4288,0,1,0.802,0.936855304746574
4291,0,1,0.98,0.9585781342882284
4310,0,1,1.4,1.339823611260876
4311,0,1,1.01,0.9707162254510551
4320,0,1,1.144,1.0037369568272976
4323,0,1,1.01,0.9430468779383554
4335,0,1,1.199,1.2211242839051246
4336,0,1,1.005,1.2757309594398092
4337,0,1,1.06,1.3086399132659836
4340,0,1,1.496,1.4821996406565532
4350,0,1,1.173,1.1618794131227537
4351,0,1,1.577,1.3301007874921045
4352,0,1,0.8136,0.8003981854747741
4353,0,1,1.065,1.2023211938180178
4359,0,1,0.92,0.9488718490737648
4370,0,1,0.825,0.8242788732742972
4376,0,1,1.118,1.031944072741104
4387,0,1,1.026,1.0714013690679698
4399,0,1,1.063,1.2582055380579602
4412,0,1,1.1,0.9435794193870658
4415,0,1,1.133,1.1016374261703596
4417,0,1,1.27,1.3001419425215972
4418,0,1,1.498,1.4026874100351208
4424,0,1,0.816,0.83902124827604
4425,0,1,0.978,0.9877387440119831
4430,0,1,0.884,0.8685171214188414
4433,0,1,1.01,1.0432657747091938
4439,0,1,1.015,1.050100497662426
4443,0,1,1.489,1.3928434163559045
4449,0,1,0.976,0.9792494502393451
4463,0,1,1.27,1.1735808941442059
4464,0,1,1.33,1.345019286558699
4473,0,1,1.422,1.2854081214139894
4474,0,1,1.168,1.1634363757023403
4478,0,1,0.76,0.7948099387441404
4479,0,1,0.99,1.13435343179885
4483,0,1,0.93,1.0284105144588618
4485,0,1,1.54,1.6026657625381273
4487,0,1,1.205,1.1728649593590992
4489,0,1,1.97,1.2253091073789546
4491,0,1,1.48,1.3597186151651364
4492,0,1,0.946,1.0259484314175893
4493,0,1,1.134,1.068318451775036
4495,0,1,1.063,1.0539839886767681
4497,0,1,1.06,1.1176566592958905
4501,0,1,0.975,1.0484306882960042
4519,0,1,1.42,1.3389592064121905
4521,0,1,1.07,0.9828503781302512
4524,0,1,0.765,0.7197184713815276
4532,0,1,1.45,1.490444517673575
4533,0,1,1.1,1.076099357920286
4544,0,1,1.05,1.1176437515311797
4553,0,1,1.052,1.0128909466360916
4554,0,1,0.824,0.7793382519591788
4555,0,1,0.88,0.7932201144417617
4575,0,1,0.753,0.7035646884628082
4591,0,1,0.852,1.0592419547086125
4593,0,1,0.8175,0.7751218590774982
4596,0,1,1.601,1.4213786225715985
4600,0,1,1.477,1.365904003706842
4601,0,1,1.62,1.5662902354208326
4616,0,1,1.07,1.0271427381167852
4620,0,1,0.92,0.8976399770846695
4625,0,1,1.22,1.1671388733937487
4628,0,1,1.02,0.9989495453580006
4631,0,1,1.08,1.4624983916852714
4639,0,1,1.457,1.3568123219398587
4640,0,1,1.0,0.9860583268937521
4641,0,1,1.14,1.1068328255050963
4645,0,1,1.503,1.426404404608751
4654,0,1,0.895,1.0495147405305987
4659,0,1,1.67,1.4206986802960762
4665,0,1,1.1,1.0989788016420163
4671,0,1,1.158,1.2607359676364536
4677,0,1,0.886,0.8926302105219676
4679,0,1,0.93,0.9388626236984877
4690,0,1,1.25,1.2148004638176877
4692,0,1,0.82,0.8239213635766189
4695,0,1,1.18,1.207812478466303
4703,0,1,0.871,0.8200268186541184
4709,0,1,0.814,0.7491572826657917
4712,0,1,0.83,1.3623757377619783
4716,0,1,0.989,0.9333248080199664
4724,0,1,0.868,0.9437893128721087
4727,0,1,1.44,1.451467991351173
4730,0,1,1.341,1.274792400329018
4734,0,1,0.962,0.960491606559884
4740,0,1,0.97,0.9557416106850768
4741,0,1,1.45,1.3956594321517144
4744,0,1,1.03,0.9671151744825355
4760,0,1,1.093,1.059838088821724
4768,0,1,1.0,1.03348543138701
4772,0,1,0.97,0.9771942771728506
4789,0,1,1.04,1.065933661475012
4791,0,1,0.9875,0.9788694942619133
4792,0,1,1.48,1.5816694601486874
4793,0,1,0.98,1.0253824320888967
4795,0,1,0.792,0.8989609998792663
4796,0,1,0.936,0.9210485083895826
4799,0,1,1.037,0.9825350994386891
4800,0,1,1.057,1.0443541423526097
4814,0,1,1.013,0.9635678853540424
4819,0,1,1.448,1.2849562111867925
4820,0,1,1.392,1.1561961350898322
4822,0,1,1.29,1.2475381705294437
4826,0,1,0.965,0.9606765922129041
4828,0,1,1.61,1.6824355330657108
4836,0,1,0.98,0.9211224626505663
4839,0,1,0.92,0.9962629610574386
4843,0,1,0.934,0.9062987487310327
4846,0,1,1.061,1.061809730650438
4853,0,1,0.91,0.8998092815605894
4854,0,1,0.95,1.0400331104224414
4856,0,1,1.65,1.5903135701743478
4861,0,1,1.45,1.4275578572326313
4868,0,1,1.118,1.1796994669265077
4881,0,1,0.86,0.8341680825917557
4891,0,1,1.145,1.202767827092538
4894,0,1,1.08,1.392498337497185
4896,0,1,0.682,0.6076999353463326
4900,0,1,1.734,1.4224908749643754
4914,0,1,1.069,1.0383047122658406
4915,0,1,0.94,1.0759603340635397
4917,0,1,1.01,0.9685276670209806
4926,0,1,1.13,1.1322362506922274
4932,0,1,0.903,0.8440163532180393
4936,0,1,0.88,0.939637335736369
4939,0,1,0.76,0.7869315868599824
4941,0,1,1.4,1.4159889308008682
4946,0,1,0.783,0.8285813897159918
4947,0,1,1.18,1.0796227478762606
4950,0,1,0.804,0.7403197254011861
4957,0,1,1.11,1.1031307326236508
4958,0,1,0.991,0.9338324108672509
4962,0,1,1.69,1.3927168617998713
4963,0,1,1.06,1.0210170229867275
4978,0,1,1.064,1.151832783691513
4982,0,1,1.137,1.1304402406179113
4984,0,1,0.96,1.0377168128143042
4987,0,1,1.407,1.3092042395083685
4991,0,1,0.87,0.7913660117338955
4993,0,1,1.495,1.3019038754816885
4996,0,1,1.098,1.092046131745142
4999,0,1,1.431,1.4045063433149425
5008,0,1,1.038,1.0769630319956416
5012,0,1,1.131,1.2242983170937682
5016,0,1,1.283,1.2490467943763468
5032,0,1,1.195,1.1582041771227252
5036,0,1,1.34,1.3377087378595058
5051,0,1,0.986,0.9461728185495422
5053,0,1,1.038,1.0039091654855712
5054,0,1,1.2,1.2295496542422755
5058,0,1,1.343,1.276672857030865
5059,0,1,1.08,1.0072017531853736
5060,0,1,1.082,1.0252670006721791
5063,0,1,0.8865,0.9544022800954788
5065,0,1,1.36,1.405472717966374
5069,0,1,1.101,1.1706794009458528
5072,0,1,1.025,0.9705940478426501
5073,0,1,0.96,0.9860913732329643
5078,0,1,0.917,0.9517474498191876
5084,0,1,1.05,1.0780657920274808
5085,0,1,1.03,0.9463018346578445
5086,0,1,1.1456,1.1573264952764886
5090,0,1,1.274,1.419258149138816
5091,0,1,0.98,0.9707897489403916
5105,0,1,0.81,0.8058747085017957
5113,0,1,1.058,1.0664015256378527
5120,0,1,1.055,1.1174414580887677
5121,0,1,1.3,1.2374399908090434
5123,0,1,0.99,0.9875052734716132
5126,0,1,1.063,1.0651197646019475
5129,0,1,0.81,0.8344654842599637
5130,0,1,0.92,0.9697124813592389
5150,0,1,1.9,1.6744956731442295
5151,0,1,1.09,1.0746631114024445
5152,0,1,1.11,1.0707805194316067
5169,0,1,1.57,1.4445287216576632
5171,0,1,1.21,1.2278542447322556
5173,0,1,1.137,1.2680141930774136
5187,0,1,1.046,1.067600793903341
5189,0,1,0.95,0.9421500421385252
5198,0,1,0.863,0.9412299446697521
5202,0,1,1.138,1.2485357607405874
5211,0,1,0.92,0.9590107367148147
5224,0,1,0.964,1.1458195422692745
5227,0,1,0.81,0.8011946514808334
5232,0,1,1.193,1.171874653804202
5245,0,1,1.49,1.3995732387207203
5251,0,1,1.53,1.368784235247471
5253,0,1,1.183,1.1992389611443086
5255,0,1,1.09,1.172115855157167
5257,0,1,1.01,0.9453754756154871
5259,0,1,0.821,0.818717519002203
5265,0,1,1.11,1.1081080365042606
5266,0,1,0.922,0.9585560418566135
5274,0,1,0.85,0.9359631458960549
5277,0,1,1.304,1.3855034059529912
5278,0,1,0.957,1.013084286182125
5280,0,1,1.192,1.434548696446178
5282,0,1,0.798,0.7990100546114419
5284,0,1,1.142,1.0838666707200566
5288,0,1,1.12,0.9997115342475913
5299,0,1,1.109,1.1674165211049976
5301,0,1,0.84,0.7783032307688439
5307,0,1,1.044,1.0233305590409127
5310,0,1,0.981,1.0384895017639144
5311,0,1,1.84,1.5195187115279838
5314,0,1,1.16,1.2457433758465604
5316,0,1,0.97,1.0677676256083768
5321,0,1,1.2,1.3613210856922975
5322,0,1,1.852,1.7509724713544688
5323,0,1,1.254,1.2861665410527898
5324,0,1,1.439,1.490176885403121
5327,0,1,0.79,0.918884265480516
5329,0,1,1.181,1.0620621955281215
5339,0,1,0.777,0.907274108048246
5342,0,1,0.92,0.8633247846012834
5346,0,1,0.878,0.9043833072175618
5353,0,1,0.897,0.8251296472772927
5354,0,1,1.015,0.9872886184101813
5358,0,1,0.947,0.924895745354412
5364,0,1,0.87,0.8747424024920074
5365,0,1,0.896,0.9340718583642241
5368,0,1,1.223,1.2291415288760645
5373,0,1,1.0,1.0165741211421877
5382,0,1,0.825,0.8796261837326382
5386,0,1,1.076,1.1252375345114198
5391,0,1,1.03,0.8548532140049825
5397,0,1,1.06,1.0398605786854325
5404,0,1,1.296,1.1512641343479557
5405,0,1,1.625,1.3460420461417937
5420,0,1,1.063,1.0483261954021825
5422,0,1,1.157,1.1403314576389392
5423,0,1,1.141,1.074151991227738
5428,0,1,1.37,1.4499443828048322
5429,0,1,1.07,1.0987795851399405
5446,0,1,0.95,0.9120106269243802
5447,0,1,0.93,0.8758652549442428
5454,0,1,1.35,1.3820830483057225
5455,0,1,1.193,1.1728961979958639
5458,0,1,1.09,1.0827121103976554
5460,0,1,1.07,1.0596682494075094
5473,0,1,1.112,1.0771190021012902
5475,0,1,1.22,1.2121006563660301
5476,0,1,1.0,1.0221040136993431
5481,0,1,1.117,1.0429201573859155
5482,0,1,1.53,1.4336376759513971
5490,0,1,0.99,0.9773785551295934
5495,0,1,1.08,1.3160105392252437
5501,0,1,1.393,1.2442856292081188
5503,0,1,1.175,1.0894004399816497
5521,0,1,1.081,1.1616709350302656
5522,0,1,1.131,1.138083791185004
5523,0,1,0.829,0.875061958130637
5525,0,1,0.83,0.7616151371607207
5538,0,1,0.904,0.8756280382290135
5540,0,1,1.24,1.24557869799976
5545,0,1,1.07,1.0670053751788575
5547,0,1,0.962,0.9381027732824309
5551,0,1,0.6709,0.700370055158613
5552,0,1,1.43,1.274017488290015
5556,0,1,0.795,0.7362719180805329
5563,0,1,0.92,0.9922241768643217
5565,0,1,1.173,1.1637772083833957
5569,0,1,0.972,0.928427380548944
5572,0,1,1.11,1.1816919550260006
5573,0,1,1.49,1.4586643394097834
5578,0,1,1.07,1.0597730730724173
5583,0,1,0.947,0.9139444531563606
5585,0,1,0.823,0.9717998776834056
5586,0,1,1.01,0.982003650303798
5587,0,1,1.365,1.11552348579187
5588,0,1,1.64,1.4172957689005146
5598,0,1,1.045,1.004944671294009
5600,0,1,1.08,1.10879925191994
5602,0,1,1.35,1.2921458361307678
5603,0,1,1.2,1.2216465945272168
5606,0,1,1.04,1.1137978280352563
5609,0,1,1.29,1.2341723570953687
5610,0,1,0.84,0.8301717986370345
5626,0,1,0.868,0.7925724800397709
5629,0,1,1.265,1.1093739974515389
5643,0,1,1.1,1.2243667328621466
5652,0,1,1.02,0.9587118273458419
5654,0,1,1.06,1.223516881941252
5656,0,1,1.224,1.1785656451819733
5661,0,1,1.15,1.4228791232960134
5667,0,1,1.075,1.1023464974554285
5670,0,1,1.28,1.3762732926402763
5675,0,1,1.6,1.396804361650863
5682,0,1,0.99,1.0152525291136287
5689,0,1,2.03,1.7767571698341131
5701,0,1,1.036,0.9933617140143124
5705,0,1,0.74,0.7447259655016183
5706,0,1,0.988,1.0131058093797776
5708,0,1,0.81,0.7946658148587866
5713,0,1,1.033,0.9778270037989119
5717,0,1,0.89,0.8102808255246146
5738,0,1,0.954,0.926100582881909
5741,0,1,1.106,1.1350910359362751
5742,0,1,0.932,0.9603622981422497
5744,0,1,1.33,1.2078779557566601
5747,0,1,0.873,0.8932011060319703
5749,0,1,1.281,1.3261430268303942
5752,0,1,0.83,0.7523653621992568
5758,0,1,1.1,1.1074871714831958
5767,0,1,1.234,1.1413275632263704
5789,0,1,0.8,0.745998864949355
5799,0,1,0.942,0.9559829658850586
5801,0,1,1.0,1.03565093968779
5807,0,1,1.059,1.1256144443179186
5808,0,1,0.8,0.7705605411841148
5810,0,1,1.19,1.3514118608779513
5811,0,1,0.973,0.8912167872090707
5819,0,1,0.834,0.7975078615698419
5821,0,1,1.07,1.004139205237466
5823,0,1,0.979,1.0754109771358913
5826,0,1,0.8935,0.8624513335480092
5846,0,1,0.894,0.8298649353772922
5852,0,1,0.992,1.078141269373931
5854,0,1,1.095,1.1093016278148282
5855,0,1,1.01,1.007230591808676
5861,0,1,1.08,1.0721250000500926
5866,0,1,1.04,1.069446296562967
5869,0,1,1.667,1.4519839942455757
5873,0,1,1.063,1.038578879188334
5879,0,1,0.8,0.7983898972866544
5897,0,1,0.846,0.8218531058213442
5901,0,1,1.614,1.5490204154727225
5902,0,1,1.131,0.9593810772536955
5903,0,1,1.619,1.533980054184108
5915,0,1,1.04,0.9691081241230786
5916,0,1,1.094,1.051679229594892
5926,0,1,0.86,0.9508883680772842
5927,0,1,1.104,1.0485937738261806
5930,0,1,1.25,1.3860897784728856
5933,0,1,0.792,0.9630242515354195
5943,0,1,0.94,0.8984820279618114
5946,0,1,1.437,1.3864164879977972
5947,0,1,0.875,0.8750847736432309
5960,0,1,0.895,0.8535944838674947
5962,0,1,0.977,1.0252502775014511
5969,0,1,0.95,0.9746660014525926
5977,0,1,0.944,0.869978883464422
5979,0,1,1.054,1.073287948881086
5980,0,1,1.713,1.7917672847992216
5991,0,1,1.22,1.3537678740934795
5994,0,1,0.926,0.9650729861042602
5997,0,1,1.07,1.0900334973787973
6004,0,1,1.185,1.1289435399148116
6008,0,1,1.078,1.1195653161559198
6009,0,1,1.03,0.9994964253486784
6012,0,1,1.14,1.2103454542129246
6014,0,1,0.884,0.9558637652164291
6018,0,1,1.032,0.9493171131098351
6024,0,1,1.118,1.050368991476174
6030,0,1,1.245,1.2013620345916751
6037,0,1,0.938,0.9560827664448674
6043,0,1,1.757,1.7229132985782085
6046,0,1,1.44,1.5406849841016028
6050,0,1,1.139,1.2478876340281426
6058,0,1,1.74,1.7377131354407322
6063,0,1,1.562,1.4419812919838118
6069,0,1,0.848,0.7974477689250734
6075,0,1,0.69,0.6163002912804105
6076,0,1,1.29,1.2238533453670297
6078,0,1,0.98,0.9917515203669072
6083,0,1,1.372,1.2040661882215578
6087,0,1,0.81,0.7804172426269199
6103,0,1,0.83,0.8533803749741912
6104,0,1,0.911,0.9280536092215882
6105,0,1,0.894,0.790685884841953
6115,0,1,0.95,0.9190092661816794
6117,0,1,1.229,1.2357777045617442
6128,0,1,0.919,0.9350458638276896
6133,0,1,1.32,1.2363687848003533
6136,0,1,1.07,1.1150168906425457
6139,0,1,0.98,1.091916761788701
6141,0,1,1.08,1.177089467670917
6142,0,1,1.061,1.0293445504673584
6144,0,1,0.938,1.034386655672995
6159,0,1,1.07,1.0774395096683362
6176,0,1,1.024,0.9646546760655361
6178,0,1,1.55,1.6681289297391009
6182,0,1,0.818,0.994114856700436
6183,0,1,0.98,0.9798741845128828
6184,0,1,1.522,1.3789022304636371
6186,0,1,1.942,1.751286134652354
6191,0,1,0.93,0.9402360006329072
6196,0,1,0.828,0.7804526582101912
6197,0,1,0.95,0.9002895765623888
6198,0,1,0.873,0.8290701924578213
6200,0,1,1.12,1.1418674508701339
6203,0,1,1.46,1.3219960804921045
6205,0,1,1.441,1.5036045914920613
6207,0,1,1.096,1.0733513876984702
6209,0,1,1.073,1.078185869624106
6217,0,1,1.034,1.0511490266208372
6218,0,1,0.82,0.7630357297446013
6223,0,1,1.13,1.1568838158703005
6224,0,1,1.011,1.1159906499507843
6229,0,1,1.157,1.1370512546239904
6231,0,1,1.07,1.0574839698475902
6233,0,1,1.057,1.0100508230127465
6237,0,1,1.054,1.0227088017071504
6238,0,1,0.88,0.8613494196747624
6249,0,1,1.047,0.9963756693819583
6250,0,1,0.834,0.8040558982995872
6252,0,1,1.175,1.1552947300336025
6262,0,1,0.88,0.9026937438941809
6266,0,1,0.854,0.8773184015568818
6268,0,1,1.179,1.1781816891821042
6271,0,1,1.04,1.0071510836703852
6275,0,1,1.245,1.2990466133006702
6289,0,1,1.2,1.1987067889284386
6291,0,1,1.12,1.1192757991473237
6296,0,1,1.2,1.1998439799226415
6297,0,1,0.726,0.6464310756769122
6303,0,1,1.02,0.984238193607199
6306,0,1,0.86,0.9013385670618508
6312,0,1,1.248,1.2368457567065896
6314,0,1,0.879,0.7901964051732495
6316,0,1,1.105,1.0454925487382454
6317,0,1,1.064,1.0514693668792527
6321,0,1,1.194,1.141576180005546
6323,0,1,1.06,1.2624652234901732
6335,0,1,1.151,1.1366874910450786
6338,0,1,1.037,1.0055675055568891
6342,0,1,0.974,0.9201846881595611
6347,0,1,0.84,1.3812248588765166
6349,0,1,0.922,0.8428175618783031
6351,0,1,1.989,1.6265193424932873
6354,0,1,1.351,1.3270005239480245
6355,0,1,1.18,1.2229575249575104
6358,0,1,1.53,1.4567209438933568
6364,0,1,1.53,1.445895129322221
6369,0,1,1.753,1.5010754080744042
6372,0,1,0.826,0.8081497981864786
6375,0,1,1.45,1.3784828742651989
6383,0,1,0.78,0.7565040931068485
6389,0,1,0.94,0.8750057116612888
6390,0,1,1.001,0.9801952401599264
6394,0,1,0.882,0.8501600184487841
6405,0,1,1.01,0.9852994380215503
6410,0,1,1.26,1.3489710779561568
6419,0,1,0.997,0.9080857279854617
6421,0,1,1.13,1.120476752037646
6434,0,1,0.986,1.136721060464148
6435,0,1,1.058,1.0049561021273585
6439,0,1,1.41,1.487600470951301
6445,0,1,0.865,0.8165988609642192
6447,0,1,0.968,0.9626028953257624
6448,0,1,1.4,1.5629096626121126
6454,0,1,0.92,0.8687560458359576
6456,0,1,1.823,1.6866462643771727
6465,0,1,1.109,1.0052652192458973
6476,0,1,0.96,0.9089431327948819
